"created_at","url","full_text","user_id_str"
"Wed May 31 23:59:56 +0000 2023","https://twitter.com/Jessieq62041820/status/1664059164979781632","@DonaldJTrumpJr prosecutors have obtained an audio recording of a summer 2021 meeting in which former PIG Trump acknowledges he held on2 a classified Pentagon document about a potential attack on Iran undercutting his argument that he declassified everything. JAIL, JAIL,JAIL","1579721340533497856"
"Wed May 31 23:59:55 +0000 2023","https://twitter.com/Rafaelita82/status/1664059163515691009","@Fer_GilS @CumariEn @Yisejac301 @torrealbaf @NicolasMaduro Yo sé de alguien que trabaja en 2 instituciones pero ahora le pagaron en una sola los tickets, le dijeron que esa era la orden, imagino que es muuuuchas plata 😒 nada, desmotivación absoluta, creo que se irán a la privada donde tampoco tiene beneficios pero les pagan, muy triste","68427258"
"Wed May 31 23:59:50 +0000 2023","https://twitter.com/Wiseronenow/status/1664059141353086977","Also, if Trump moved highly classified docs, &amp; a Pentagon doc of potential attack on Iran found in his BEDMINSTER club proves he did, the question bears asking WHAT CLASSIFIED DOCS STILL HIS POSSESSION DID TAKE ON THE RECENT TRIP TO HIS SCOTLAND COURSES? What is he hiding there?","18005208"
"Wed May 31 23:59:43 +0000 2023","https://twitter.com/2023Nader/status/1664059112856887296","@Iran_News_2023 https://t.co/GD3b18MjDF","1574146716164669441"
"Wed May 31 23:59:38 +0000 2023","https://twitter.com/Iranian_Ava/status/1664059089192886272","Marc Innes brown facilitated this meeting he is an ex ambassador to Iran! I think much more clarification is required ! @keithwolahan https://t.co/BITWoPgR8B","1603976487111389186"
"Wed May 31 23:59:26 +0000 2023","https://twitter.com/ultrascanhumint/status/1664059040626769923","@keesdellebeke m.b.t. de beschuldigingen op details - het is een misverstand dat onze en bevriende diensten (middels assets, agenten en officieren) geen ""covert"" contacten onderhouden of zelfs deals doen met gelijkwaardige diensten van  Rusland, China, Iran, Noord Korea, enz.","1898083759"
"Wed May 31 23:58:56 +0000 2023","https://twitter.com/MIraculeuze/status/1664058913669382144","Ze gebruiken ‘ taliban ‘ valt Iran aan. Denk je dat we mongolen zijn dat we niet zien dat geschiedenis zich herhaalt.Amerika is ISIS. Puppets van duivel joh. 
Altijd islam haat propoganda.
Geert wilders, thierry, deze hoerekindje Sam allemaal zelfde onzin. Verkopen hun kontje https://t.co/LJSfjYA3Hd","1643749658932527105"
"Wed May 31 23:58:55 +0000 2023","https://twitter.com/Rafa_Puentes/status/1664058909139644416","Montero/ Perlaza Llinás Vargas Arias/ Vásquez Vega Giraldo/ Paredes L.Castro Beckam

El XI inicial para enfrentar a América a partir de las 8:30 en El Pascual Guerrero

Maca y Torres irán a tribuna 

#VamosPorLa16","63370933"
"Wed May 31 23:58:53 +0000 2023","https://twitter.com/CarlinFanatic/status/1664058903267536896","Stop Iran from Chairing U​.​N. Human Rights Council Social Forum https://t.co/clwSW1KtTu via @Change","28926267"
"Wed May 31 23:58:49 +0000 2023","https://twitter.com/SteveWCarlson/status/1664058883973718018","@JackHennesanity @GOP You are supporting a bloody invasion of Iran and Trump stopped it and now you are attacking Trump? You're actually out of your mind.","174369590"
"Wed May 31 23:58:47 +0000 2023","https://twitter.com/MiguelDiazPure7/status/1664058874909933568","@PRI_Nacional @AlejandraDMV ESE PRI = PARTIDO DE RATEROS INCONFORMES  DÉJENME DECIRLES Q SE IRAN A CHASM EL PRÓXIMO DOMINGO 🤭🤭🤭🤣🤣🤣🤣🤣🤣🤣🤣🤣🤣🤣🤣🤣🤣🤣","1505962178087686152"
"Wed May 31 23:58:44 +0000 2023","https://twitter.com/JrSki26/status/1664058864357056512","@keeme197 @ReturnNormalcy It literally says Trump wanted to attack Iran in this. Wtf no way","1526442509139943425"
"Wed May 31 23:58:42 +0000 2023","https://twitter.com/BodorVadi/status/1664058856488706048","@mjfree Or alternately, that America isn’t willing to praise a white POTUS for giving $255 billion to black colleges but forgives a black president gifting $150B to Iran, changing rules of engagement so our boys die @Benghazi and SealTeamSix tragedy, selling Long Beach Port to China. 🥴","1464945537312985098"
"Wed May 31 23:58:40 +0000 2023","https://twitter.com/MaikaVzla/status/1664058848620040194","Si mañana harán presentación a la prensa del Mago, entonces será la función de estreno e irán sus papis 🤔 #AquiPensando","165455540"
"Wed May 31 23:59:56 +0000 2023","https://twitter.com/Jessieq62041820/status/1664059164979781632","@DonaldJTrumpJr prosecutors have obtained an audio recording of a summer 2021 meeting in which former PIG Trump acknowledges he held on2 a classified Pentagon document about a potential attack on Iran undercutting his argument that he declassified everything. JAIL, JAIL,JAIL","1579721340533497856"
"Wed May 31 23:59:55 +0000 2023","https://twitter.com/Rafaelita82/status/1664059163515691009","@Fer_GilS @CumariEn @Yisejac301 @torrealbaf @NicolasMaduro Yo sé de alguien que trabaja en 2 instituciones pero ahora le pagaron en una sola los tickets, le dijeron que esa era la orden, imagino que es muuuuchas plata 😒 nada, desmotivación absoluta, creo que se irán a la privada donde tampoco tiene beneficios pero les pagan, muy triste","68427258"
"Wed May 31 23:59:50 +0000 2023","https://twitter.com/Wiseronenow/status/1664059141353086977","Also, if Trump moved highly classified docs, &amp; a Pentagon doc of potential attack on Iran found in his BEDMINSTER club proves he did, the question bears asking WHAT CLASSIFIED DOCS STILL HIS POSSESSION DID TAKE ON THE RECENT TRIP TO HIS SCOTLAND COURSES? What is he hiding there?","18005208"
"Wed May 31 23:59:43 +0000 2023","https://twitter.com/2023Nader/status/1664059112856887296","@Iran_News_2023 https://t.co/GD3b18MjDF","1574146716164669441"
"Wed May 31 23:59:38 +0000 2023","https://twitter.com/Iranian_Ava/status/1664059089192886272","Marc Innes brown facilitated this meeting he is an ex ambassador to Iran! I think much more clarification is required ! @keithwolahan https://t.co/BITWoPgR8B","1603976487111389186"
"Wed May 31 23:59:26 +0000 2023","https://twitter.com/ultrascanhumint/status/1664059040626769923","@keesdellebeke m.b.t. de beschuldigingen op details - het is een misverstand dat onze en bevriende diensten (middels assets, agenten en officieren) geen ""covert"" contacten onderhouden of zelfs deals doen met gelijkwaardige diensten van  Rusland, China, Iran, Noord Korea, enz.","1898083759"
"Wed May 31 23:58:56 +0000 2023","https://twitter.com/MIraculeuze/status/1664058913669382144","Ze gebruiken ‘ taliban ‘ valt Iran aan. Denk je dat we mongolen zijn dat we niet zien dat geschiedenis zich herhaalt.Amerika is ISIS. Puppets van duivel joh. 
Altijd islam haat propoganda.
Geert wilders, thierry, deze hoerekindje Sam allemaal zelfde onzin. Verkopen hun kontje https://t.co/LJSfjYA3Hd","1643749658932527105"
"Wed May 31 23:58:55 +0000 2023","https://twitter.com/Rafa_Puentes/status/1664058909139644416","Montero/ Perlaza Llinás Vargas Arias/ Vásquez Vega Giraldo/ Paredes L.Castro Beckam

El XI inicial para enfrentar a América a partir de las 8:30 en El Pascual Guerrero

Maca y Torres irán a tribuna 

#VamosPorLa16","63370933"
"Wed May 31 23:58:53 +0000 2023","https://twitter.com/CarlinFanatic/status/1664058903267536896","Stop Iran from Chairing U​.​N. Human Rights Council Social Forum https://t.co/clwSW1KtTu via @Change","28926267"
"Wed May 31 23:58:49 +0000 2023","https://twitter.com/SteveWCarlson/status/1664058883973718018","@JackHennesanity @GOP You are supporting a bloody invasion of Iran and Trump stopped it and now you are attacking Trump? You're actually out of your mind.","174369590"
"Wed May 31 23:58:47 +0000 2023","https://twitter.com/MiguelDiazPure7/status/1664058874909933568","@PRI_Nacional @AlejandraDMV ESE PRI = PARTIDO DE RATEROS INCONFORMES  DÉJENME DECIRLES Q SE IRAN A CHASM EL PRÓXIMO DOMINGO 🤭🤭🤭🤣🤣🤣🤣🤣🤣🤣🤣🤣🤣🤣🤣🤣🤣🤣","1505962178087686152"
"Wed May 31 23:58:44 +0000 2023","https://twitter.com/JrSki26/status/1664058864357056512","@keeme197 @ReturnNormalcy It literally says Trump wanted to attack Iran in this. Wtf no way","1526442509139943425"
"Wed May 31 23:58:42 +0000 2023","https://twitter.com/BodorVadi/status/1664058856488706048","@mjfree Or alternately, that America isn’t willing to praise a white POTUS for giving $255 billion to black colleges but forgives a black president gifting $150B to Iran, changing rules of engagement so our boys die @Benghazi and SealTeamSix tragedy, selling Long Beach Port to China. 🥴","1464945537312985098"
"Wed May 31 23:58:40 +0000 2023","https://twitter.com/MaikaVzla/status/1664058848620040194","Si mañana harán presentación a la prensa del Mago, entonces será la función de estreno e irán sus papis 🤔 #AquiPensando","165455540"
"Wed May 31 23:59:56 +0000 2023","https://twitter.com/Jessieq62041820/status/1664059164979781632","@DonaldJTrumpJr prosecutors have obtained an audio recording of a summer 2021 meeting in which former PIG Trump acknowledges he held on2 a classified Pentagon document about a potential attack on Iran undercutting his argument that he declassified everything. JAIL, JAIL,JAIL","1579721340533497856"
"Wed May 31 23:59:55 +0000 2023","https://twitter.com/Rafaelita82/status/1664059163515691009","@Fer_GilS @CumariEn @Yisejac301 @torrealbaf @NicolasMaduro Yo sé de alguien que trabaja en 2 instituciones pero ahora le pagaron en una sola los tickets, le dijeron que esa era la orden, imagino que es muuuuchas plata 😒 nada, desmotivación absoluta, creo que se irán a la privada donde tampoco tiene beneficios pero les pagan, muy triste","68427258"
"Wed May 31 23:59:50 +0000 2023","https://twitter.com/Wiseronenow/status/1664059141353086977","Also, if Trump moved highly classified docs, &amp; a Pentagon doc of potential attack on Iran found in his BEDMINSTER club proves he did, the question bears asking WHAT CLASSIFIED DOCS STILL HIS POSSESSION DID TAKE ON THE RECENT TRIP TO HIS SCOTLAND COURSES? What is he hiding there?","18005208"
"Wed May 31 23:59:43 +0000 2023","https://twitter.com/2023Nader/status/1664059112856887296","@Iran_News_2023 https://t.co/GD3b18MjDF","1574146716164669441"
"Wed May 31 23:59:38 +0000 2023","https://twitter.com/Iranian_Ava/status/1664059089192886272","Marc Innes brown facilitated this meeting he is an ex ambassador to Iran! I think much more clarification is required ! @keithwolahan https://t.co/BITWoPgR8B","1603976487111389186"
"Wed May 31 23:59:26 +0000 2023","https://twitter.com/ultrascanhumint/status/1664059040626769923","@keesdellebeke m.b.t. de beschuldigingen op details - het is een misverstand dat onze en bevriende diensten (middels assets, agenten en officieren) geen ""covert"" contacten onderhouden of zelfs deals doen met gelijkwaardige diensten van  Rusland, China, Iran, Noord Korea, enz.","1898083759"
"Wed May 31 23:58:56 +0000 2023","https://twitter.com/MIraculeuze/status/1664058913669382144","Ze gebruiken ‘ taliban ‘ valt Iran aan. Denk je dat we mongolen zijn dat we niet zien dat geschiedenis zich herhaalt.Amerika is ISIS. Puppets van duivel joh. 
Altijd islam haat propoganda.
Geert wilders, thierry, deze hoerekindje Sam allemaal zelfde onzin. Verkopen hun kontje https://t.co/LJSfjYA3Hd","1643749658932527105"
"Wed May 31 23:58:55 +0000 2023","https://twitter.com/Rafa_Puentes/status/1664058909139644416","Montero/ Perlaza Llinás Vargas Arias/ Vásquez Vega Giraldo/ Paredes L.Castro Beckam

El XI inicial para enfrentar a América a partir de las 8:30 en El Pascual Guerrero

Maca y Torres irán a tribuna 

#VamosPorLa16","63370933"
"Wed May 31 23:58:53 +0000 2023","https://twitter.com/CarlinFanatic/status/1664058903267536896","Stop Iran from Chairing U​.​N. Human Rights Council Social Forum https://t.co/clwSW1KtTu via @Change","28926267"
"Wed May 31 23:58:49 +0000 2023","https://twitter.com/SteveWCarlson/status/1664058883973718018","@JackHennesanity @GOP You are supporting a bloody invasion of Iran and Trump stopped it and now you are attacking Trump? You're actually out of your mind.","174369590"
"Wed May 31 23:58:47 +0000 2023","https://twitter.com/MiguelDiazPure7/status/1664058874909933568","@PRI_Nacional @AlejandraDMV ESE PRI = PARTIDO DE RATEROS INCONFORMES  DÉJENME DECIRLES Q SE IRAN A CHASM EL PRÓXIMO DOMINGO 🤭🤭🤭🤣🤣🤣🤣🤣🤣🤣🤣🤣🤣🤣🤣🤣🤣🤣","1505962178087686152"
"Wed May 31 23:58:44 +0000 2023","https://twitter.com/JrSki26/status/1664058864357056512","@keeme197 @ReturnNormalcy It literally says Trump wanted to attack Iran in this. Wtf no way","1526442509139943425"
"Wed May 31 23:58:42 +0000 2023","https://twitter.com/BodorVadi/status/1664058856488706048","@mjfree Or alternately, that America isn’t willing to praise a white POTUS for giving $255 billion to black colleges but forgives a black president gifting $150B to Iran, changing rules of engagement so our boys die @Benghazi and SealTeamSix tragedy, selling Long Beach Port to China. 🥴","1464945537312985098"
"Wed May 31 23:58:40 +0000 2023","https://twitter.com/MaikaVzla/status/1664058848620040194","Si mañana harán presentación a la prensa del Mago, entonces será la función de estreno e irán sus papis 🤔 #AquiPensando","165455540"
"Wed May 31 23:58:25 +0000 2023","https://twitter.com/wildcat2425/status/1664058784573009921","Iran❤️","1583777616955412480"
"Wed May 31 23:58:25 +0000 2023","https://twitter.com/newrepublic/status/1664058782068899840","Trump Caught on Tape Bragging About Keeping Classified Pentagon Doc on Attacking Iran https://t.co/2xJj9IMJOm","82689705"
"Wed May 31 23:58:22 +0000 2023","https://twitter.com/Elite_4_Logan/status/1664058772325539842","@Marable6Jr @SurferDood_2021 @WhiteSoxic @WeWokeToday @MWincup20 @phillipgarmstro @joncoopertweets No he secretly sold weapons illegally to Iran so that he could take the money and give it to the right wing rebel Contras","1581288119508377600"
"Wed May 31 23:58:05 +0000 2023","https://twitter.com/HWAYNATE/status/1664058698585579520","@helivillena2 Linda las banderas rojas, pura rojas ni una de la patria,se entiende nunca iran con la  blaquiroja,  les gusta la roja si pudieran agrerarian la hoz y el matillo.","54416316"
"Wed May 31 23:57:54 +0000 2023","https://twitter.com/mansiwnasi/status/1664058653454860288","@ChatGPTBot give me a SEO'ed article about oil and gas law in Iran and use Call-to-actions for MJK Law firm within the summary paragraphs and not outside of them. do not plagiarize. at least 1000 words. #chatgpt4","1487421259919077379"
"Wed May 31 23:57:37 +0000 2023","https://twitter.com/DavidSuslenskiy/status/1664058584379047937","Excuse me… hold up a second… potential attack on Iran? Why was our government planning a potential attack on Iran?","3112111780"
"Wed May 31 23:57:36 +0000 2023","https://twitter.com/pattyeludwig/status/1664058580603994116","This is a must read thread filled with FACTS about trump bragging about Classified documents he had. You remember facts

“Trump then began referencing a document that he had with him,” saying it was compiled by Gen. Milley and related to attacking Iran.""

That he had with him.","143413908"
"Wed May 31 23:57:33 +0000 2023","https://twitter.com/crazyhorse65/status/1664058565365989376","@MayoIsSpicyy You mean Trump bragging on audio he had military plans for US to invade Iran?
Problem is his followers believed him when he said military complex was corrupt.
There must be reconciliation in this great nation or there will be civil war and democracy in the world will disappear.","42607653"
"Wed May 31 23:57:31 +0000 2023","https://twitter.com/SamuelRobertLu1/status/1664058558223196161","WAR DECLARED ON AMERICAN &amp; WORLD CITIZENS
#RUSSIA - #CHINA - #IRAN - #SYRIA - #NORTHKOREA - #SCO - #BRICS 
BY – The PSYCHOPATHIC Military Industrial Complex/The United States Government, a U.S. Military Contract (See Profile for Our Contracts &amp; Testimony)
https://t.co/9PZcsfFZeM","1520473722989203456"
"Wed May 31 23:57:28 +0000 2023","https://twitter.com/dannowicki/status/1664058545736908800","""Donald Trump recorded while talking about classified document he had on Iran, report says."" (via @USATODAY) https://t.co/gMVXKE0rPI","19629840"
"Wed May 31 23:57:27 +0000 2023","https://twitter.com/WDNation/status/1664058542054072320","@REVMAXXING China bout to own both u and iran so keep ur focus on America while they doggie pound ur country thru that back door.🤣","355645062"
"Wed May 31 23:57:18 +0000 2023","https://twitter.com/AlizapeBar/status/1664058502673989633","@yuhline @CUNY Fatima was expressing herself, but she calls herself a “law student”?  Ha! I’m disappointed in her.  Shameful POV. Try getting your head shot at in Iran for removing your head scarf. Then see how how you feel about “white supremacy.” Another ungrateful cretin as far as I can see.","1400147369195413516"
"Wed May 31 23:57:13 +0000 2023","https://twitter.com/5lil_busy/status/1664058480217702400","Of their stupidity, they could not design their own flag They copied the flag of Iran They put the word of monotheism on it 🇮🇷😂😂😂 #Somali #somaliland","1338058758484799488"
"Wed May 31 23:57:11 +0000 2023","https://twitter.com/SteveWCarlson/status/1664058475536695296","@tripgabriel So let me get this straight, #jackSmith, @nytimes. You wanted us to open a military front into Iran? You're completely off the wall and I can never support you.","174369590"
"Wed May 31 23:56:54 +0000 2023","https://twitter.com/dicksideburns/status/1664058404254412810","@Spriter99880 I wonder if this deal includes Iran and other Islamic countries…","1231430807572619265"
"Wed May 31 23:56:53 +0000 2023","https://twitter.com/CheeseCRFTR/status/1664058397946159105","Isn’t this the same Iran they accused Trump of?","2857855965"
"Wed May 31 23:56:41 +0000 2023","https://twitter.com/Ava1790/status/1664058349523021824","@ragipsoylu The most laughable mistake that was not mentioned here is KK's proposed transit corridor that bypassed Azerbaijan in favor of Iran. It's like the man was deliberately trying to lose the election putting forward asinine plans like that were certain to alienate nationalists.","1235995025386999808"
"Wed May 31 23:56:40 +0000 2023","https://twitter.com/CarlinFanatic/status/1664058341738381315","Stop Iran from Chairing U​.​N. Human Rights Council Social Forum - Sign the Petition! https://t.co/c5n6jH7KnM via @CdnChange","28926267"
"Wed May 31 23:56:39 +0000 2023","https://twitter.com/Pattyfalino/status/1664058339498524675","@underthesea62 @TomJChicago Come get him Iran.    No resistance from any Americans.","2444667302"
"Wed May 31 23:56:25 +0000 2023","https://twitter.com/DestefanoDi/status/1664058282737057799","@turen18 @NTN24 La afiliación ideal para algunos sería con Irán Cuba NicaraguaBrasilcon lula Rusia Turquía con Erdogan Siria . En fin todos los países gobernados por demócratas, donde el disidente acaba muriendo y nadie se entera","2343978071"
"Wed May 31 23:56:10 +0000 2023","https://twitter.com/HANSGRUBER_1988/status/1664058219294081027","@Geoffcan1 @BlueJays ""mindless, unbridled hate.""   lol  You are way too dramatic.  If you want to see mindless, unbridled hate take a trip to Iran and see what they do to the LGBTQ community.","561681533"
"Wed May 31 23:55:51 +0000 2023","https://twitter.com/backyardsage/status/1664058138553884674","@OliviaTroye Who would benefit the most from a U.S. war against Iran?

Russia, of course.

With a U.S.-Iran conflict inevitably turning regional and massively disrupting oil production in the Persian Gulf; Russia's oil would see a massive increase in value.","160142930"
"Wed May 31 23:55:51 +0000 2023","https://twitter.com/Sheikhifraz24/status/1664058137148813312","@IranObserver0 Pleaseeeee  Iran , do it over the Taliban and make a nice drone footage of it !!!","1521259915452760064"
"Wed May 31 23:55:49 +0000 2023","https://twitter.com/nvonacionalista/status/1664058128273489920","---- LA PRIMERA GUERRA DEL AGUA??----
El agua, fuente de conflicto entre Irán y los talibanes https://t.co/GnxcOHLWGe","2892671080"
"Wed May 31 23:55:46 +0000 2023","https://twitter.com/JerryR57330866/status/1664058118089871360","@PalmerReport You mean as Prez Trump saw a document on Iran then took it. Meanwhile as VP Joe illegally pilfered documents with many linked to Chinese money! I’d trust Trump on Iran any day.the hypocrite Merr. Garland is dying to indict Trump with the help of Dem stooge Smith!so interesting!","1220523236175138817"
"Wed May 31 23:55:46 +0000 2023","https://twitter.com/violetamg10078/status/1664058115300687872","@gallagher2120 Así  es querido amigo y me emociona saber que se irán del #Edomex y si nos ponemos abusados los borraremos políticamente en el 2024","2373102656"
"Wed May 31 23:55:42 +0000 2023","https://twitter.com/omidchegini/status/1664058102352683009","@me_too_iran کیر تو دینتون کسکشا","552703987"
"Wed May 31 23:55:41 +0000 2023","https://twitter.com/vickihb_one/status/1664058095323029504","@TomJChicago @nytimes another nightmare dimension : Iran 😳","1155783466983862272"
"Wed May 31 23:55:39 +0000 2023","https://twitter.com/JasonMBrodsky/status/1664058087643250689","“Amiri said she learned about #Iran’s environment and wildlife through conversations with them in prison, where they held informal workshops for the detainees. “They made prison a better place just by their presence,” she said.” https://t.co/Jlbgp6yTfL","1908627954"
"Wed May 31 23:55:36 +0000 2023","https://twitter.com/justquisquilia/status/1664058076343726081","???
""Gen. Mark Milley reportedly warned Trump not to strike Iran: 'You're gonna have a f---ing war'.""","1549239715"
"Wed May 31 23:55:24 +0000 2023","https://twitter.com/pipobulg/status/1664058026553401344","@SuGnome @DubreuilhMarcel t'as la moindre idée de ce qui se passe en iran en ce moment, ou bien ?","2816363803"
"Wed May 31 23:55:17 +0000 2023","https://twitter.com/power2she/status/1664057994563276803","@BaddCompani Didn’t (doesn’t) Iran have a bounty on Trump??","19396625"
"Wed May 31 23:55:15 +0000 2023","https://twitter.com/pipobulg/status/1664057986552320000","@PepetePantoufle @DubreuilhMarcel t'as la moindre idée de ce qui se passe en iran en ce moment, ou bien ?","2816363803"
"Wed May 31 23:55:14 +0000 2023","https://twitter.com/iran_shahr_/status/1664057982970130433","#شاخص_دلار تایم فریم 3month . تشکیل سیکل های دقیق زمانی و پیش‌بینی برای اینده . احتمالا از اوایل ۲۰۲۸ شروع ترند اصلی باشه . در فاز اصلاحی حال حاضر اصلاح در جهت روند رو شاهد هستیم . حرکات زیبای قیمتی و زمانی چشم نوازه .
#DXY @tradingview #بورس #دلار https://t.co/Fk203vhXU4","1366442409899532291"
"Wed May 31 23:55:14 +0000 2023","https://twitter.com/UmustBkiddingME/status/1664057982257098753","I wonder how much Saudi Arabia would have paid for those classified documents on Iran","94868048"
"Wed May 31 23:55:11 +0000 2023","https://twitter.com/_Gentleman_G_/status/1664057971788378113","@2xBeepBoopVodka @JoeyMannarinoUS Oh yeah, I forgot about how he de-escalated tensions with Iran.
https://t.co/TGc47dx47b","2428921870"
"Wed May 31 23:55:07 +0000 2023","https://twitter.com/mill4w/status/1664057952385261568","iran me chmnd de luna me deixa com o coração quentinho","1458618388343885824"
"Wed May 31 23:55:06 +0000 2023","https://twitter.com/GGovic/status/1664057948656615433","@AWeissmann_ @JohnJHarwood Why is he obsessed with Iran?
Does he even know any of the history of what the British &amp; Americans did to Iran?","2845989689"
"Wed May 31 23:55:03 +0000 2023","https://twitter.com/davidkeithlaw/status/1664057938825158659","Trump admits to possessing classified documents about attacking Iran. Helpful to the prosecutor. Thanks, Donald!","474491972"
"Wed May 31 23:55:00 +0000 2023","https://twitter.com/ChrisKarlKnecht/status/1664057925524942849","⚠️🇳🇪😱 26 von 85 Mio Iraner unter Armutsgrenze (30% Bevölkerung).

20'000 in Foltergefängnissen

5 Mio Schlägerbeamte morden seit 44 Jahren.

Wir brauchen Nukes, 100 MRD !! 💥🤡

#framing #wording #SDG16
#WomanLifeFreedom #MahsaAmini
#iran #iranrevolution #IRGCterrorists #JCPOA
. https://t.co/l9FLytp27R","763642586"
"Wed May 31 23:54:54 +0000 2023","https://twitter.com/AfiFlysky/status/1664057897037500416","@shayan_shahnazi Oman is a less root country. Oman is pro-terrorists. Oman is one of Iran's and Traffick Centers

@cnn
@SkyNews 
@FoxNews 
@ABC 
@RTLFrance 
@BreitbartNews 
@emilykschrader","1517914602092253184"
"Wed May 31 23:54:49 +0000 2023","https://twitter.com/Pajarito9999/status/1664057879400259584","@breverapapolvos @olgabehar1 @DCoronell @AABenedetti @laurisarabia $ 30 melones, le parece que es mucho dinero, esos funcionarios minimos se ganan 10 melones mensuales,  huy si q'  poco de plata..Pura cortina de humo para tapar todo lo de Mancuso.  No se como iran a tapar cuando empiece a vomitar Otoniel ante la JEP.","1275651068605730818"
"Wed May 31 23:54:47 +0000 2023","https://twitter.com/sulymani_3_1_3/status/1664057870726356992","@king99_Iran الجمعة يوصل 2500","1451985105753358341"
"Wed May 31 23:54:45 +0000 2023","https://twitter.com/AntisanaNews/status/1664057860341346305","#Afganistan | Los talibanes envían material pesado a la frontera con #Iran mientras se intensifican las tensiones por la disputa del #agua.

¿Otro conflicto armado? https://t.co/WUGlmj98sp","1310652421983608834"
"Wed May 31 23:54:44 +0000 2023","https://twitter.com/MahshidMahshi12/status/1664057858864889857","@Iran_News_2023 برو گمشو بابا مردم خوشحالند برای پرسپولیس 
از 💩 می‌خوای کره بگیری بخوری ؟","1614700374476165120"
"Wed May 31 23:54:41 +0000 2023","https://twitter.com/robtax5/status/1664057842997895168","@JackPosobiec No. It’s about Trump sharing intelligence with Iran. You think the Saudis gave Jerrod $2BN for nothing?","1282869571653791744"
"Wed May 31 23:54:40 +0000 2023","https://twitter.com/KhalR17/status/1664057839713763329","@JackPosobiec Oh, and if it was, yeah of course a detailed report plan on how the US military would go about an attack on Iran is extremely sensitive info. Trump could have went public about that Milley pressure at any time legally. Didn't need to documents to talk about it. Good try to spin","1392222589746044931"
"Wed May 31 23:54:34 +0000 2023","https://twitter.com/TheWineRules1/status/1664057816016113666","@rgoodlaw @AntiToxicPeople @maggieNYT @jonathanvswan @alanfeuer The quiet part out loud. “Attacking Iran.” Good god.","616915875"
"Wed May 31 23:54:31 +0000 2023","https://twitter.com/ValerieHogan/status/1664057801768050689","Read ""Trump captured on tape talking about classified document involving potential attack on Iran: CNN' on SmartNews.

Rtump is a traitor! https://t.co/iUKD6fn6hB","20113718"
"Wed May 31 23:54:30 +0000 2023","https://twitter.com/TennS4Ever/status/1664057800140668929","@Ldogls @OccupyDemocrats so, the theory becomes, Trump likely made classified info about Iran available to Saudis, for who knows how much money or ?","372585780"
"Wed May 31 23:54:17 +0000 2023","https://twitter.com/joegibilaro/status/1664057744658235393","@FoxNews Good, Geena can go live in Iran, Uganda or with the Chicoms. See how that works out for him/her.","2329424341"
"Wed May 31 23:54:14 +0000 2023","https://twitter.com/Ryzik6/status/1664057731316056064","Beacons of democracy &amp; great healthcare; N.Korea, Venezuela, Cuba, Syria, Iran, Russia condemn Israel. They have no issues with Afghanistan, Somalia, Ethiopia &amp; Syria. The WHO 🎪 is in town! https://t.co/NyCjWJO3TN","1397514348818538496"
"Wed May 31 23:54:11 +0000 2023","https://twitter.com/KiNGSH0eZ/status/1664057717806309377","@EdKrassen People speak casually. He could've been referring to it as a classified document because it was originally classified. What did he need to say to make it better, ""I have a document concerning Iran that was previously classified but has since been declassified""?","1143138937994563584"
"Wed May 31 23:54:08 +0000 2023","https://twitter.com/ashenck1/status/1664057706074783744","@EdKrassen I am more concerned that General Milley was openly trying to encourage the President to do a full scale invasion of Iran… Glad POTUS did not follow that advice.","933272857"
"Wed May 31 23:54:07 +0000 2023","https://twitter.com/HimesJhast/status/1664057701469687808","@catturd2 @gatewaypundit Here's a real WOW Mr. Turd: Federal prosecutors obtained a 2021 audio recording where Trump acknowledges he held onto a classified Pentagon document about a potential attack on Iran","1577683750410153986"
"Wed May 31 23:53:44 +0000 2023","https://twitter.com/mansiwnasi/status/1664057604081844248","@ChatGPTBot give me a 2000-word summary of the inheritance law system in Iran and use Call-to-actions for MJK Law firm within the summary paragraphs and not outside of them. do not plagiarize. #chatgpt4","1487421259919077379"
"Wed May 31 23:53:37 +0000 2023","https://twitter.com/charlie44444/status/1664057575225303040","@dimitrilascaris @anticpantaloon That's because there is nothing about Iran to defend.  Because they are none of our damn business.","58393868"
"Wed May 31 23:53:34 +0000 2023","https://twitter.com/MC_of_A/status/1664057561530740736","he sat for a recorded interview with the ghostwriters of Mark Meadows' fuckin cash in book and told them he had the army plan for the invasion of Iran down  in his storage room","2161539356"
"Wed May 31 23:53:27 +0000 2023","https://twitter.com/moosemeatmafias/status/1664057534389575681","@HoCChamber @NDP So when did India and Iran enter the chat.","1439020886972108802"
"Wed May 31 23:53:25 +0000 2023","https://twitter.com/KhalR17/status/1664057526944509952","@JackPosobiec That's according only to the book account of Meadows. It's clear in the reporting today that while the topics appear to have come up in the same meeting, the Iran document Trump references on Audio is NOT one generated by Milley. Good try though","1392222589746044931"
"Wed May 31 23:53:22 +0000 2023","https://twitter.com/Iluvmy2dogs88/status/1664057515292721153","@kareemjeanjr @EdKrassen Trump DID NOT have the 
power as a private citizen
to declassify documents after leaving office.
He stole Milley's Iran war
plans that Trump had ordered up. Milley IS a trusted source. https://t.co/SpCvbVsiTY","1494048442942955522"
"Wed May 31 23:53:20 +0000 2023","https://twitter.com/KLUltraMaga/status/1664057502801985537","@kaitlancollins Nonsense!
This Iran document is old news. Obviously, if they had a case, they wouldn't be leaking evidence of the case. So, the DOJ is using the shiny object theory to distract from the Biden Crime Family.","1064559051793682432"
"Wed May 31 23:53:11 +0000 2023","https://twitter.com/MichaelJLuna1/status/1664057468618694656","@MarioNawfal Trump admits to keeping classified documents on potential Iran attack in 2021 recording: report 

https://t.co/mQ45sCB3cj","1105559813642051584"
"Wed May 31 23:53:07 +0000 2023","https://twitter.com/Davit_arm/status/1664057449941221379","@manullinas Ya no es nosotros y Occidente (como cultura monolítica), ahora es nosotros, los chinos, indios, rusos, africanos, árabes, etc., la multiculturalidad, y eso afectará a Irán, y a los talibanes.","1050017818186579968"
"Wed May 31 23:52:58 +0000 2023","https://twitter.com/althaer07/status/1664057411961798656","@LibyanIntegrity @SweeneySteve I mean nothing but this is the truth.. I stand in solidarity with the Ukrainian people... The Russian state is a terrorist state in itself, and Assad too, and Iran... They displaced more than half of the Syrian people outside the country and killed more than 500,000 Syrians...","1640142434385502210"
"Wed May 31 23:52:58 +0000 2023","https://twitter.com/brockmeaux/status/1664057411554930690","@jmood88 I’ve said for a long time, they’re going to wait until he’s either dead or so out of it that they can say “not worth it” like they did with Reagan in Iran Contra.","40291116"
"Wed May 31 23:52:53 +0000 2023","https://twitter.com/dkhtr__iran/status/1664057389920980992","@frankgallagheri @upds83 منظورم این بود آدم نرمال نمیاد همچین درسو تدریس کنه😂😂
#مهسا_امینی‌ 
#IRGCterrorists","1644339248059785220"
"Wed May 31 23:52:51 +0000 2023","https://twitter.com/redmirage2020/status/1664057381599453184","@JackPosobiec Who are his masters who want to invade Iran, and don’t leave out why?","1323417415103836160"
"Wed May 31 23:52:48 +0000 2023","https://twitter.com/Johnnygoober/status/1664057371495211008","@SabbySabs2 I don't understand the obsession with defending Israel at all costs. If US gov't put 1/4 the amount of energy and support it has for Israel into positive relations with Syria and Iran we could have told Israeli leadership to shove off decades ago, with a more stable Middle East","1438640077534605315"
"Wed May 31 23:52:37 +0000 2023","https://twitter.com/Mandana_Kourosh/status/1664057325584543744","@Samawal_LLC Democrats in general have messed up huge when it comes to Iran!","948999591747178496"
"Wed May 31 23:52:20 +0000 2023","https://twitter.com/PhyloSeFizer/status/1664057254520266753","@BoneKnightmare @KosherSoul The leaders of China, Iran, Russia, etc. are not the good guys. And let's not reinforce the us vs. them narrative. We need to promote the we're-all-in-this-together attitude. I like this guy. But he ought to moderate his rhetoric, for his own good.","310836649"
"Wed May 31 23:52:19 +0000 2023","https://twitter.com/mskitamaddie/status/1664057249600290818","@s3lfmadeShan Sounded like Iran outside when the would blow up those atms","211372288"
"Wed May 31 23:52:17 +0000 2023","https://twitter.com/Pnlnacar1/status/1664057240154787840","@Newtral Si señor! si tú no-votas ellos si que irán...!!! 👇 https://t.co/2g9AI2X2n4","1394622205699530756"
"Wed May 31 23:51:44 +0000 2023","https://twitter.com/Flygirlfly625/status/1664057101134569472","Even if Trump was fibbing about having a document outlining a potential attack on Iran, the audio of him claiming to have it provides enough evidence for investigators, according to a former Justice Department official.","351153807"
"Wed May 31 23:51:35 +0000 2023","https://twitter.com/A_tabriziiiii/status/1664057065432657920","@Iran_khanoomI @bazad_pro خاک بر سر بی ارزشت کنم
حیف کلمه","1330134139941621767"
"Wed May 31 23:51:34 +0000 2023","https://twitter.com/rgoodlaw/status/1664057062010109954","9. NYT corroborates CNN scoop plus with this specificity:

“Trump then began referencing a document that he had with him,”
saying it was compiled by Gen. Milley and related to attacking Iran.

That he had with him.

via @maggieNYT @jonathanvswan @alanfeuer
https://t.co/zoGxnmjI8T","1171109054"
"Wed May 31 23:51:33 +0000 2023","https://twitter.com/kmohwoisme/status/1664057054984646658","Read ""Trump captured on tape talking about classified document involving potential attack on Iran: CNN"" on SmartNews: https://t.co/nfKc21Pcsh","1258772473023287297"
"Wed May 31 23:51:17 +0000 2023","https://twitter.com/Cierre_Al_Salir/status/1664056987640799232","@Gurutxe1 @publico_es Se irán todos de rositas.
Pagarán 4 pringaos.
Las Cloacas siguen engrasadas.","288745523"
"Wed May 31 23:51:14 +0000 2023","https://twitter.com/g_morkert/status/1664056976404275202","Iran and Russia Won Syria’s Civil War (and the U.S. Lost It)
https://t.co/BKrYybU1RM","250277561"
"Wed May 31 23:51:13 +0000 2023","https://twitter.com/star068092253/status/1664056971190849536","@JackPosobiec Really? not about wokeism? not about China? not about North Korea? not about immigration? It's about stopping invading Iran? Lol, you are such a fraud and grifter.","1655347457633533953"
"Wed May 31 23:51:07 +0000 2023","https://twitter.com/genechick50/status/1664056946515689474","Trump Caught On Tape Admitting He Kept Classified Documents containing information about a proposed attack plan against Iran. #TrumpDocs #IranAttack https://t.co/mAshqryUlK via @Yahoo","14317453"
"Wed May 31 23:51:05 +0000 2023","https://twitter.com/KLUltraMaga/status/1664056937246334976","@lineblood1 @hugolowell This Iran document is old news. Obviously, if they had a case, they wouldn't be leaking evidence of the case. So, the DOJ is using the shiny object theory to distract from the Biden Crime Family.","1064559051793682432"
"Wed May 31 23:51:00 +0000 2023","https://twitter.com/ACarringtonC/status/1664056916421623811","Mañana se casa el heredero al trono jordano. Irán los príncipes de Gales? Recordemos que la princesa vivió en Jordania parte de su infancia y los príncipes (entonces Duques de Cambridge) fueron de vacaciones con sus hijos ahí. I’ll keep you posted","40589127"
"Wed May 31 23:50:50 +0000 2023","https://twitter.com/TampaHoss/status/1664056873740382208","https://t.co/51ShmwLt1S
This B!t@h hates America?
Then she needs to get the F*@K out NOW !!
Go back to Yemen, China, Iran, or North Korea!
She’s a hateful B!t@h!!","2443963741"
"Wed May 31 23:50:49 +0000 2023","https://twitter.com/Iran_khanoomI/status/1664056872842715146","@izak_39 جاکش پدر حرومزاده شما اجازه نمیدین هیچ سازمان جهانی از کشتارگاه های زندانتون بازدید کنه حتی نماینده های مجلس بعد از انفرادی سوید میگی؟ الکسیس هم از باکرگی میگه بی غیرت زیز خواب اخوند","1576622060851400706"
"Wed May 31 23:50:48 +0000 2023","https://twitter.com/Jorge_e33/status/1664056867268571136","El 17 de mayo los presidentes de Rusia e  Irán firmaron un acuerdo para la construcción de una línea ferroviaria  de 164 kilómetros que unirá las ciudades iraníes de Astara, en la  frontera con Azerbaiyán, y Rasht, más al sur.
https://t.co/H4eov4Urp2","1608129093345677312"
"Wed May 31 23:50:44 +0000 2023","https://twitter.com/Barbara12689822/status/1664056850600321026","@JaredRyanSears @SpeakerMcCarthy Maybe you need to get educated on threats from China, Iran and more!","900894056728940545"
"Wed May 31 23:50:43 +0000 2023","https://twitter.com/fammi_ridere/status/1664056846557011972","@el_pais Es decir, este señor quiere esencialmente para España una versión local de las teocracias musulmanas. In Irán crisriano.

Menuda gente nos meten en las instituciones","2410750033"
"Wed May 31 23:50:38 +0000 2023","https://twitter.com/not2shrt/status/1664056824285511681","@siIiconway @terrelljstarr Sounds like Iran hates ethnic cleansing and racist Apartheid Regimes or something.","1344827233504956417"
"Wed May 31 23:50:37 +0000 2023","https://twitter.com/MoyarzunVera/status/1664056821240197125","Urgente consideración de los chilenos. Irán inventando crisis tras crisis, y nos restringirán como a pollos en jaula.","1423971500"
"Wed May 31 23:50:32 +0000 2023","https://twitter.com/fiditenominem/status/1664056801896157187","THIS is what TREASON looks like:

Tape recording shows Trump acknowledging he kept classified document on Iran -CNN https://t.co/Uol0ADZucJ via @Yahoo","1207824952755474433"
"Wed May 31 23:50:29 +0000 2023","https://twitter.com/ChrisKarlKnecht/status/1664056787136401409","@iran_journal https://t.co/ykBeQM9XEa","763642586"
"Wed May 31 23:50:28 +0000 2023","https://twitter.com/blancaxash/status/1664056781440417793","@ZelenskyyUa Hi, President @ZelenskyyUa. #MEKterrorists are not the representatives of the nation of Iran. Please stop any negotiations with them. They work with Islamic Republic, the same regime that kills Iranians on streets and helps Russia attack your country. #MEK doesn't represent us! https://t.co/kUEP8S9tKQ","1496969476591468545"
"Wed May 31 23:50:08 +0000 2023","https://twitter.com/Matisuspendido1/status/1664056699911647232","@LafMarina @TuJermuTambien @Andrea_Gentil Donde esta la guita de sueños compartidos? Tratados con Iran, deuda club Paris? Los 240 mil millones de deuda que dejaron los k? Queres que veamos como aumento deuda este gobierno? Queres que veamos como están los hospitales del conurba? Te espero kuki","1338357023113682944"
"Wed May 31 23:49:55 +0000 2023","https://twitter.com/AbandonHope192/status/1664056644722982917","@frankoz95967943 Saudi needs $80 to break even on its budget. Its newly made friends with Iran, Id watch it this weekend at OPEC meeting","1622975614667087876"
"Wed May 31 23:49:37 +0000 2023","https://twitter.com/kevin1_crypto/status/1664056569120604160","@ArchesFrankly @toufiq_dev @Abuamerican @Yarhai_ @NinsiimaTracy @MrOverpaid Iran has been washed for years my friend. You got one small country going for you.

We have the fastest growing population in the world. The only person crying is you🤣🤣🤣🤣","1299457846401212418"
"Wed May 31 23:49:29 +0000 2023","https://twitter.com/CatherineYaning/status/1664056534077440001","Stop Iran from Chairing U​.​N. Human Rights Council Social Forum - Sign the Petition! https://t.co/lwpXf9jZEB via @CdnChange","1609311462039908353"
"Wed May 31 23:49:11 +0000 2023","https://twitter.com/CatherineYaning/status/1664056461633400833","Stop Iran from Chairing U​.​N. Human Rights Council Social Forum - Sign the Petition! https://t.co/K7Be8Vb6uB via @CdnChange","1609311462039908353"
"Wed May 31 23:49:06 +0000 2023","https://twitter.com/VictorG91491668/status/1664056438606495745","SER SENIL ES UNA COSA, PERO ESTE IMBÉCIL ESTÁ LOCO DE REMATE, POBRES BRADILEÑOS, SE IRÁN A LA MISMA MIERDA QUE VENEZUELA Y ARGENTINA","1350896978180382720"
"Wed May 31 23:49:01 +0000 2023","https://twitter.com/AndLevity4All/status/1664056419467816960","@JackPosobiec @Malcolm_fleX48 Isn't the Taliban poking Iran right now?

With our abandoned weapons.","1529840302256693251"
"Wed May 31 23:48:58 +0000 2023","https://twitter.com/Jodon34630029/status/1664056406947790853","Te falto iran","1308735579803312128"
"Wed May 31 23:48:57 +0000 2023","https://twitter.com/HimesJhast/status/1664056400576933888","@catturd2 I don't think your dog can make this go away Mr. Turd: 
Federal prosecutors obtained a 2021 audio recording where Trump acknowledges he held onto a classified Pentagon document about a potential attack on Iran","1577683750410153986"
"Wed May 31 23:48:53 +0000 2023","https://twitter.com/Iran_khanoomI/status/1664056386353864709","@A_tabriziiiii @bazad_pro مگه امتحان املاست تند می نویسم غلط داره تو با کسشعرهای اخوند جق بزن دولت درست میشه مگه دولت دست مردمه که بیسواد باشن دست یه مشت اخوند انگل مثل تو هست","1576622060851400706"
"Wed May 31 23:48:48 +0000 2023","https://twitter.com/dkhtr__iran/status/1664056364627271681","@MH_FREE_IRAN تنها گروهی که به پرسپولیس می‌گه پیروزی یه استقلالی دو آتیشه‌ست
همه هم می‌دونن زای محمد قبادلو چند روز پیش تایید شده و ربطی به امشب نداره
پس دهنتو ببندو گه نخور
#مهسا_امينی‌‌‌‌‌‌‌ 
#IRGCterrorists
#MaximumSupport https://t.co/uuxiu4HjSd","1644339248059785220"
"Wed May 31 23:48:46 +0000 2023","https://twitter.com/yukichi_tks/status/1664056356402503680","@_omoide_iran_ か、かわいすぎ…","2299591063"
"Wed May 31 23:48:46 +0000 2023","https://twitter.com/ChrisKarlKnecht/status/1664056355978719233","🇮🇷⚠️😱 8.3.23 #Iran #IranRevolution

#DLF 9' 🔉 💃
https://t.co/94Gx2KV0Pk 

#3sat 36' 🔥 https://t.co/wVyNXFg7MC

#ORF 32' 👌
https://t.co/DoblrK6KlJ

#Lanz 44' 💪
https://t.co/n9cP8qO7ud 

#Tagesthemen 2' 🧐
https://t.co/9fONy2XoaW

#SaveSharmahd #freenahid 🕊
#IRGCterrorists
. https://t.co/arRlXDE32c","763642586"
"Wed May 31 23:48:33 +0000 2023","https://twitter.com/gomoye1/status/1664056300580249600","@MalcolmInfiniti A relative of cows calling Nigerians cow, omo iran kiran","1003390389343137799"
"Wed May 31 23:48:22 +0000 2023","https://twitter.com/freedom_iran_16/status/1664056256011616257","@a_rnazari ساده زیستی هیچ مغایرتی با نتوانستن ندارد ایشان بزرگترین حامی دولت منتخب خامنه ایست که پشتوانه اکثریت را ندارد وتا کنون هم نتوانسته کاری انجام بدهد باید قدرت را ترک کند اگر معتقد به اصول اسلام خودشان باشد","1531051628446502913"
"Wed May 31 23:48:19 +0000 2023","https://twitter.com/catsarekeen/status/1664056242526998532","@RonFilipkowski Who’s by side? The Shah of Iran’s wife?","17380924"
"Wed May 31 23:48:16 +0000 2023","https://twitter.com/DianeBernaerts/status/1664056229667409920","@1027pink @PatsyTighe @WalterBlake1 And now it turns out he had documents about Iran at Bedminster","1172242189"
"Wed May 31 23:48:08 +0000 2023","https://twitter.com/SuarezGoJa/status/1664056196460937219","@WRadioColombia ESe es el yemor dematarofe, titere, babosa, caballa, cabal y la recua de bandidos, que estan ambientando ""el golpe blando"" -Uds ayudan- se les cayo la estanteria, iran a juicio y luego a la carcel, talvez caiga uno o mas de Uds. La SAE les dice algo?","541269364"
"Wed May 31 23:48:02 +0000 2023","https://twitter.com/pvidria/status/1664056171412746242","@manuelhborbolla Lamento profundamente la situación en Peru, espero que no los ayude el gobierno americano como lo hizo en Afganistán, Irán, etc.","82722478"
"Wed May 31 23:47:58 +0000 2023","https://twitter.com/OuterLimitsFan/status/1664056152454209536","@19Yrag @sbg1 @CNN @NewYorker Funny how they are trying to frame it as Trump wanting to attack Iran.","24848804"
"Wed May 31 23:47:55 +0000 2023","https://twitter.com/IlannaPhillips/status/1664056142270730241","@realLizUSA There's no Election Interference..Trumps freaking out...ESPIONAGE now up on the table..he was recorded about him holding Top Secret Classified Info on Iran. ESPIONAGE..Trumps guilty.","890306613785088000"
"Wed May 31 23:47:48 +0000 2023","https://twitter.com/Iranliveonline/status/1664056110461128705","'Loss for Iran's wildlife': woman jailed in Tehran calls for environmentalists' release https://t.co/X7K28h3I8O","2781958039"
"Wed May 31 23:47:46 +0000 2023","https://twitter.com/Iranliveonline/status/1664056102714232832","Israel regional activities not hidden from Iran 'keen eyes' - Tehran Times https://t.co/qOJMHxooj0","2781958039"
"Wed May 31 23:47:44 +0000 2023","https://twitter.com/JacksonGilder/status/1664056096053669888","@DineshDSouza No proof, as usual. Meanwhile Trump was caught on tape acknowledging that he held onto a classified Pentagon document about a potential attack on Iran. https://t.co/8bC58Uatpg","1441560262075502592"
"Wed May 31 23:47:44 +0000 2023","https://twitter.com/Iranliveonline/status/1664056095177072643","As Iran Seizes Tankers, UAE Pulls Back From US-Led Maritime Force - The New York Times https://t.co/APcZRggKL9","2781958039"
"Wed May 31 23:47:42 +0000 2023","https://twitter.com/Iranliveonline/status/1664056089183174656","Iran increasing enriched uranium stocks, holding 23 times the limit, says nuclear watchdog https://t.co/SPsrPg2Fa4","2781958039"
"Wed May 31 23:47:41 +0000 2023","https://twitter.com/AngelaZ22537/status/1664056084909154306","En que irán estas denuncias penales, en contra de Petro y Roy, por parte de la Esposa de Rodolfo Hernandez desde hace un año?  Denuncias por fraude electoral, 
Serian ciertas? O sería otro montaje más?
 @jomali20  @FiscaliaCol","1494809606463361032"
"Wed May 31 23:47:41 +0000 2023","https://twitter.com/Iranliveonline/status/1664056083550457857","Israel, Azerbaijan are both targets of Iran, Isaac Herzog says - The Jerusalem Post https://t.co/g7oBN5v1cr","2781958039"
"Wed May 31 23:47:40 +0000 2023","https://twitter.com/A_tabriziiiii/status/1664056077002874881","@Iran_khanoomI @bazad_pro وقتی یک کاربر توییتر که ادعای سن و سواد داره توی سه سطر:
سه تا غلط املایی داره
معنی استیکرش‌ رو نمیدونه
اینقدر شخصیتش بی ارزشه که از جواب فحش شنیدن نمیترسه... 

از دولت چه انتظاری میشه داشت؟","1330134139941621767"
"Wed May 31 23:47:39 +0000 2023","https://twitter.com/Iranliveonline/status/1664056075648389126","Donald Trump recorded while talking about classified document he had on Iran, report says https://t.co/8P2V7eo8uv","2781958039"
"Wed May 31 23:47:37 +0000 2023","https://twitter.com/Iranliveonline/status/1664056066588704770","Iran ready to export defense equipment to friendly countries - Mehr News Agency https://t.co/kg3l67yL0d","2781958039"
"Wed May 31 23:47:35 +0000 2023","https://twitter.com/Iranliveonline/status/1664056059240251392","Trump captured on tape acknowledging he kept a classified document on Iran -CNN https://t.co/H5TiWxtGgr","2781958039"
"Wed May 31 23:47:34 +0000 2023","https://twitter.com/Iranliveonline/status/1664056053296926720","International Atomic Energy Agency reports seen by AP say Iran resolves 2 inquiries by inspectors https://t.co/4TZ85S30Vr","2781958039"
"Wed May 31 23:47:32 +0000 2023","https://twitter.com/Iran_khanoomI/status/1664056046803906565","@moslem_khalkhal پس ریدم به هیکلت خایه مال بی غیرت","1576622060851400706"
"Wed May 31 23:47:32 +0000 2023","https://twitter.com/Iranliveonline/status/1664056045839478784","Oman Serves Iran By Brokering Exchange Deal To Free Iranian Agent Convicted And ... - MEMRI https://t.co/eYQ0nxj1FS","2781958039"
"Wed May 31 23:47:31 +0000 2023","https://twitter.com/DrSCMAmir/status/1664056040894365698","به فارسی هم ترجمه شده. من مشخصات نسخه اصلی را اینجا گذاشتم برای دوستانی که مایلند مطالعه کنند(من نظرات نویسنده رو تایید یا رد نمی کنم، فقط بحث ترکیب متمرکز و غیر متمرکز برام جذاب بود): Kurzman, C. (2004). The unthinkable revolution in Iran. Harvard University Press.
#جاویدشاه","16168252"
"Wed May 31 23:47:27 +0000 2023","https://twitter.com/OG_Mkhedari/status/1664056025467564037","@Amirbuddie 1) This man is dead. He can not do anything now.

2) One of the reasons why Iran is in the situation it is now, is because in 1979 this man refused to shot down the airplane, that carried Khomeini as soon as it entered Iranian airspace, despite his own generals pleading with him.","1080217793411334144"
"Wed May 31 23:47:23 +0000 2023","https://twitter.com/MTCiceron106/status/1664056007415287809","@Juana75141269 @borisvladimigar El presidente representa a la mayoría de los uruguayos y está claro que no queremos alinearnos con la dictadura nefasta de Maduro y toda esa runfla de narcoestados corruptos asesinos y servirles a Rusia, China e Irán, Lula es un traidor a su pueblo que no lo voto para eso.","1631110970436141059"
"Wed May 31 23:47:17 +0000 2023","https://twitter.com/HelenaRamos04/status/1664055982031536128","Malditos perros se irán a tomar sin mi","848635292"
"Wed May 31 23:47:16 +0000 2023","https://twitter.com/MichaelJLuna1/status/1664055976197226496","Trump admits to keeping classified documents on potential Iran attack in 2021 recording: report https://t.co/okdoSOxx9M via @nypost","1105559813642051584"
"Wed May 31 23:47:12 +0000 2023","https://twitter.com/Freckles3229263/status/1664055959310974976","@BaddCompani He's wanted by Iran for assassinating General Soleimani. Hand him over.  He deserves Muslim justice. 
https://t.co/ODEwWXG4Y7","1255925880020504576"
"Wed May 31 23:47:04 +0000 2023","https://twitter.com/penny_candy__/status/1664055929766297602","@GhostOfTrcfwtt @MuellerSheWrote I think Saudi Arabia would be wanting to take a gander at this Iran stuff.","744538453"
"Wed May 31 23:47:02 +0000 2023","https://twitter.com/OleGaspar/status/1664055917346693125","@VICTORSD @MarkDeReborn El problema Afghanistan/ Iran es por el agua.","1112236392"
