created_at,url,full_text,user_id_str,user/location
Wed Oct 28 06:13:03 +0000 2020,https://twitter.com/BooksByFelixAbt/status/1321334143024656384,"DOD, FBI, DHS warn of active North Korean government-linked hacking operation - CyberScoop https://t.co/mhRA2xNeJp https://t.co/rD61Y0UmJN",937125007599206400,DE
Tue Oct 27 20:48:46 +0000 2020,https://twitter.com/FBI/status/1321192136105168902,The #FBI released a joint cybersecurity advisory with @CISAgov and @CNMF_CyberAlert to describe the techniques used by North Korean advanced persistent threat group Kimsuky to gain intelligence on various topics of interest to the North Korean government. https://t.co/aQFJhATzzn https://t.co/pTgCIF9c8j,17629860,PA
Sat Oct 03 21:37:00 +0000 2020,https://twitter.com/the_fit_fem/status/1312506967307350016,Fun fact: The North Korean government pretended Kim Jong-il was ‚Äúfeeling really good and totally working for the North Korean people‚Äù when he was secretly dying.,4597876452,us
Thu Oct 29 00:43:07 +0000 2020,https://twitter.com/Progene1/status/1321613499978702850,"Kimsuky TTPs, as found in open-source and intelligence reporting - U.S. Government refers to malicious cyber activity by the North Korean government as HIDDEN COBRA

#CyberSecurity #cybersec #infosecurity #infosec #CyberAttack #cyberawareness #Phishing 

https://t.co/0pdfXzKLlM https://t.co/oW3nFjDbW8",3010466660,U.S.A
Sat Oct 10 12:16:32 +0000 2020,https://twitter.com/bogdanade52/status/1314902633807851523,"@Lord_Sugar The North Korean government cured Covid. 
They treat the infected with a 9mm Aspirin.",938418972902518784,us
Mon Oct 26 15:37:17 +0000 2020,https://twitter.com/EmmanFre/status/1320751359973576704,"The Mole, a documentary infiltrating arms and drug trafficking by the North Korean government, is wild/courageous/reckless, by @MBrgger &amp; @Ullarsen.

In Part 2, they nearly buy a private island in Uganda (on lake Victoria) to build a fake hotel that'll hide a weapon/drug factory.",1311115766,VT US
Tue Oct 06 14:02:27 +0000 2020,https://twitter.com/JoshZampich/status/1313479738627948546,The North Korean government executing anyone with symptoms of a very survivable disease makes you feel safe? What an absolute idiotic take.,374131625,Tennessee
Wed Oct 21 11:54:35 +0000 2020,https://twitter.com/AndyVermaut/status/1318883379186561031,North Korean government ship spotted in Japan‚Äôs EEZ last month https://t.co/6iKn81pTJ9 https://t.co/cp2fR2sZ7t,283604227,"Arizona, AZ"
Wed Oct 21 00:48:00 +0000 2020,https://twitter.com/NiceAndLong/status/1318715625087373314,I'd pull for the North Korean Government all-star team if they played the Dodgers.,385208425,"Florida, FL"
Tue Oct 06 15:21:36 +0000 2020,https://twitter.com/amandadwall/status/1313499658719645696,Reads like a North Korean government coverup.,14186525,us
Mon Oct 26 03:29:25 +0000 2020,https://twitter.com/Liamjsm/status/1320568186509520896,This is probably old news to a lot of people but apparently the North Korean government manufactures meth for Chinese triads and it‚Äôs the best meth in the world. The moral of this story is if you want something done right government is better than private enterprise.,2409316363,"Idaho, ID"
Mon Oct 05 00:43:35 +0000 2020,https://twitter.com/bartlebae_/status/1312916307466018817,This feels awfully similar to the times Kim Jong Eun was reported to be sick and the North Korean government sent out pre-recorded videos of him walking around,1406402372,us
Sat Oct 03 21:43:04 +0000 2020,https://twitter.com/rebeccashepro/status/1312508492612210688,Remember when the North Korean government did this earlier this year with Kim Jong-un's health?,1047657191535202305,"Idaho, ID"
Wed Oct 21 21:48:06 +0000 2020,https://twitter.com/calicomb/status/1319032742080778240,"@cocomittens5 @KingBorgur @ChromiumExpanse @spacefrog712 -The North Korean government, Juche, is massively flawed but it's not just, ""Kim is the god of Korea."" That's nonsense.",954221226905419776,Louisiana
Fri Oct 02 13:33:02 +0000 2020,https://twitter.com/audiosug/status/1312022784285999111,"@WebKarls If you have to think about the truth of statements by this WH because they act like the North Korean government. 
We have a big problem. https://t.co/4yd6aR1bRv",152186054,"New Hampshire, NH"
Wed Oct 14 06:52:20 +0000 2020,https://twitter.com/Heeger/status/1316270599178780672,"If you get a chance watch ""The Mole"" - a riveting documentary about a normal family man from Copenhagen infiltrating North Korean government officials involved in illegal arms and drugs trade. It's just incredible. Insane.",25831306,AK US
Fri Oct 02 22:52:24 +0000 2020,https://twitter.com/BFSEsq/status/1312163554779299840,I suppose I shouldn't be surprised that the official North Korean government website looks like it's from the 1990s,24836305,"Fort Worth, Texas"
Wed Oct 28 03:47:32 +0000 2020,https://twitter.com/CybershieldUS/status/1321297523978416129,"DOD, FBI, DHS warn of active North Korean government-linked hacking operation https://t.co/Y6pyw20DYY https://t.co/dysHZe7IOS",782957962524446721,"Boston, Massachusetts"
Sat Oct 10 18:37:55 +0000 2020,https://twitter.com/cooldawgzdotza1/status/1314998614842769408,"@KFA_Brasil @GerryAlun @joseonfag @GerardDalbon https://t.co/kdkvbOeHCI
No it's not all UN sanctions. I don't know where you're getting your info from. Is it the North Korean government? Because if so that's beyond stupid. Why would you assume a country that has a lockdown on information has an honest press?",1047002448232108033,MI US
Fri Oct 16 17:57:47 +0000 2020,https://twitter.com/neecotinee/status/1317162841695244288,"Anna came into the livingroom while I‚Äôm watching Crash Landing on You and asked, ‚Äúdo they talk about how fucked up the North Korean government is?‚Äù",1045384719062487043,"North Dakota, ND"
Tue Oct 27 17:05:04 +0000 2020,https://twitter.com/shah_sheikh/status/1321135841700294658,"DOD, FBI, DHS warn of active North Korean government-linked hacking operation: The FBI and departments of Defense and Homeland Security issued a joint alert Tuesday warning the private sector about what they say is¬†a global hacking operation run by North‚Ä¶ https://t.co/cvYfJmakmp https://t.co/2hhcq6G7Vv",340491651,U.S.A
Tue Oct 27 17:05:04 +0000 2020,https://twitter.com/AcooEdi/status/1321135840748326912,"DOD, FBI, DHS warn of active North Korean government-linked hacking operation https://t.co/AfrY5jThVi #Government via cyberscoopnews https://t.co/FOOrOgEB5C",1002585844958597120,Missouri
Fri Oct 23 01:45:08 +0000 2020,https://twitter.com/techsasbro/status/1319454780864028672,"speaking of North Korea, anyone buy the theory that the North Korean government is totally comped by one or more intelligence agencies including CIA and MSS?",1012038065206882304,"Sacramento, California"
Mon Oct 19 09:45:01 +0000 2020,https://twitter.com/Real_Sayak/status/1318125996277600256,"The report calls on the North Korean government to publicly acknowledge human rights violations and ‚Äúend endemic torture and cruel, inhuman and degrading treatment in detention‚Äù. It also urges South Korea, the US and other UN... ‚Äúpublicly...pressure the North Korean government‚Äù.",1258344462868193286,U.S.A
Mon Oct 05 20:14:58 +0000 2020,https://twitter.com/lukegeraty/status/1313211095453065217,"Ummmm. This is one of the dumbest tweets I‚Äôve read in a really long time... Mostly because it minimizes the atrocities of the North Korean government in a way that is absolutely unbelievable.

Sure thing, Ben.",44813517,"Wisconsin, WI"
Sat Oct 24 14:36:26 +0000 2020,https://twitter.com/nine11inreverse/status/1320011272277164036,"Let‚Äôs be honest. There is zero proof that DPRK is behind these alleged cyberattacks. Without hard evidence backing up these claims, people will assume these attacks are ‚Äúassociated with the North Korean government.‚Äù

Notice how the West always blames China, Russia, Iran, or DPRK? https://t.co/nG77OICuja",632552006,"Illinois, IL"
Wed Oct 28 02:33:34 +0000 2020,https://twitter.com/devllyoon/status/1321278909971898376,kim jong un and uhhh president moon lol i do more research on north korean government than i do on south korean government,1215756587983417346,NY
Fri Oct 30 09:29:56 +0000 2020,https://twitter.com/steviebsmullet/status/1322108467520413696,These last weeks have been a complete awakening for me. I now trust in the following order: 1. My own research 2. Conservative press (they don‚Äôt run from who they are) 3. The National enquirer 4. Bathroom walls 5. The North Korean government 6. The American mainstream media.,1313536475879931906,"Delaware, DE"
Wed Oct 28 05:01:04 +0000 2020,https://twitter.com/jrimer2008/status/1321316029226627077,"Cyber scoop DOD, FBI, DHS warn of active North Korean government-linked hacking operation: The FBI and departments of Defense and Homeland Security issued a joint alert Tuesday warning the private sector about what they say is¬†a global‚Ä¶ https://t.co/GRHQKKDljO Check it out! https://t.co/N5vwF3d7ZJ",14071719,California
Sat Oct 24 13:06:29 +0000 2020,https://twitter.com/AmnestyPlus/status/1319988633412120576,"[Shooting of South Korean Official] created by Lukas Kim

On September 21st, 2020, an incident took place that put the citizens of South Korea into a collective outrage. A South Korean official was found to have been shot and burned by the North Korean government.",1292826897521377285,"Kentucky, KY"
Wed Oct 14 12:17:49 +0000 2020,https://twitter.com/RealColafella/status/1316352510295257089,@YourAnonOne Worse than the North Korean government?,1204822605917806592,United States
Mon Oct 05 20:25:28 +0000 2020,https://twitter.com/Sean_ADFIntl/status/1313213740867870721,"This kind of stuff is why people don‚Äôt trust the media, and is a slap in the face to victims of the North Korean regime. The North Korean government will murder you and your family for believing in the Bible.",1126219857576509442,"San Antonio, Texas"
Sat Oct 24 04:23:02 +0000 2020,https://twitter.com/LpcProf/status/1319856905263742976,"""Experts investigating the Louisiana incidents found a tool used by the hackers that was previously linked to a group associated with the North Korean government, according to a person familiar with the investigation.""",3041782973,"Delaware, DE"
Sat Oct 24 00:40:08 +0000 2020,https://twitter.com/CharmelCross/status/1319800809928806400,Experts investigating Louisiana incidents found a tool used by hackers that was previously linked to a group associated w/North Korean government. But cannot say conclusively was NK. Wonder if trump feels betrayed.,2421376185,U.S.A
Sat Oct 03 18:24:08 +0000 2020,https://twitter.com/apriljhk/status/1312458427357044736,"This reminds me of those times when rumors fly about Kim Jong-un's health. He could be doing great, he could be near death. Everyone knows the North Korean government can't be trusted to tell the truth, so people speculate.",18883652,"Detroit, Michigan"
Wed Oct 14 17:54:24 +0000 2020,https://twitter.com/ChrisTaylorII/status/1316437213098528771,"I am not a tv critic by any stretch, but of you get the chance, watch The Mole: Infiltrating North Korea. Absolutely mental. The inner workings of the North Korean government is genuinely nuts.",80546562,Minnesota
Thu Oct 01 11:01:14 +0000 2020,https://twitter.com/GB3LionsUReds/status/1311622192375889920,"It‚Äôs impossible to agree with anyone 100% of the time (unless you work for the North Korean government), but Douglas Murray, Rod Liddle &amp; Simon Jordan get about a 98% approval rating from me üëçüèª @DouglasKMurray @Sjopinion10",2483604025,MA
Mon Oct 05 23:15:58 +0000 2020,https://twitter.com/BAJPortland/status/1313256648266276864,@sobotka_paul At this point I'm ready to believe the North Korean government over Trump.,1012930430465499136,"Raleigh, North Carolina"
Sat Oct 10 09:39:48 +0000 2020,https://twitter.com/RetyrdForfarSgt/status/1314863189583106048,"@Lord_Sugar 1/2). Zero confirmed cases of COVID-19 in North Korea; some foreign analysts believe the virus spread to the country by March 2020. Both its neighbors, China and South Korea, had significant outbreaks. Starting in January, the North Korean government took extensive measures,",1076460871,us
Sat Oct 31 13:39:39 +0000 2020,https://twitter.com/somali_online/status/1322533696340197376,"In 2017, the U.S. redesignated North Korea as a state sponsor of terrorism after determining that the North Korean government ""repeatedly"" provided support for acts of international terrorism. https://t.co/9lTDHI5Bay",1075708484371562497,TN
Thu Oct 15 11:14:05 +0000 2020,https://twitter.com/EfoCharley/status/1316698859305828352,"@riji_kelaa @temi_Focus @follow_me_laugh @francis_fara @pharoukfilms @Aisha_yesuf I don't know o, just saying it doesn't fit their M.O....i mean these guys went against the American government, North korean government,even the British royal family and they didn't do it this way....",2290435443,IA
Wed Oct 28 14:18:42 +0000 2020,https://twitter.com/VIPRESecurity/status/1321456360526143488,"North Korean Advanced Persistent Threat Focus: Kimsuky. The U.S. Government refers to malicious cyber activity by the North Korean government as HIDDEN COBRA. For more information on HIDDEN COBRA activity, visit https://t.co/GQDJDfHA6l https://t.co/F42WsqK8qs",334719899,U.S.A
Thu Oct 29 14:49:59 +0000 2020,https://twitter.com/AspenTalksData/status/1321826622207655939,"DOD, FBI, DHS warn of active North Korean government-linked hacking operation https://t.co/YNGx0gU8fs",47846972,LA
Thu Oct 22 02:00:02 +0000 2020,https://twitter.com/OBBUSFACTS/status/1319096140978180103,All radios in North Korea have been rigged so listeners can only receive a North Korean government station.,2684836609,GA
Wed Oct 07 06:02:04 +0000 2020,https://twitter.com/geet_eth/status/1313721233276461056,"Breaking news: North Korean government launches non-profit to promoting voting efforts for November. 

""We will commit important resources to spread awareness about and help in voting in 2020"" 
-DPRK Official",3117973774,West Virginia
Thu Oct 29 05:15:27 +0000 2020,https://twitter.com/Gurgling_MrD/status/1321682036625707012,"An alert released by the United States this week provides information on Kimsuky, a threat actor focused on gathering intelligence on behalf of the North Korean government.
read more
     ... via @securityweek #infosec #tech #ThursdayThoughts https://t.co/EpeywrROB8",993154328,"Raleigh, North Carolina"
Sun Oct 04 18:34:17 +0000 2020,https://twitter.com/okaydyke/status/1312823373265801223,remember when kim jong-il was sick &amp; everyone in the us was like lol we don't even know if he's alive or dead rn b/c the north korean government pushes so much propaganda what a cr*zy country............,776063230116519936,"Milwaukee, Wisconsin"
Thu Oct 29 04:56:31 +0000 2020,https://twitter.com/shah_sheikh/status/1321677270579249152,"U.S. Shares Information on North Korean Threat Actor 'Kimsuky': An alert released by the United States this week provides information on Kimsuky, a threat actor focused on gathering intelligence on behalf of the North Korean government. read more https://t.co/Cv8YqUU0Tw",340491651,"Connecticut, CT"
Wed Oct 28 07:11:09 +0000 2020,https://twitter.com/joviannfeed/status/1321348763093553155,"CyberScoop | ""DOD, FBI, DHS warn of active North Korean government-linked hacking operation"" https://t.co/JaNvRXZPBu",11984902,CT US
Tue Oct 06 04:09:46 +0000 2020,https://twitter.com/mstyles_87/status/1313330586216542208,Remember when the North Korean government went silent on Kim Jong Un's heart procedure and we all thought he died? Seems like the White House is trying to do the same cover up job on Trump's Covid-19 scenario. This is not okay!,17652103,"Washington, District of Columbia"
Thu Oct 29 22:55:00 +0000 2020,https://twitter.com/klnash77/status/1321948678471389185,"#ThreatThursday 
üá∞üáµ ICYMI: @CNMF_CyberAlert, @FBI, and @CISAgov warn of active North Korean government-linked hacking operation #Kimsuky: 
https://t.co/fo1rYTnOg8 
#Cybersecurity #Infosec #DPRK #NorthKorea #Infosec #Hackers",19379508,"San Antonio, Texas"
Fri Oct 23 08:08:03 +0000 2020,https://twitter.com/tonywbrown/status/1319551143228272641,The North Korean government news service would blush at this one.,116399541,"San Antonio, Texas"
Wed Oct 21 18:42:28 +0000 2020,https://twitter.com/IUURisk/status/1318986024144445440,"North Korean government ship spotted in Japan's EEZ last month
https://t.co/o8IfGZilpv",1308258216,Tennessee
Wed Oct 28 13:01:25 +0000 2020,https://twitter.com/NordicBackup/status/1321436912985530369,"CISA Alert

North Korean Advanced Persistent Threat Focus: Kimsuky.  The latest on ""Hidden Cobra"" (malicious cyber activity by the North Korean government). 

#cybersecurity #databackup

https://t.co/St5tYNt6nJ",3107665601,Colorado
Fri Oct 23 01:53:43 +0000 2020,https://twitter.com/ajm0614/status/1319456938250428416,"@LeeJacksonME He wasn‚Äôt comparing Trump to Hitler or Nazi‚Äôs, he was comparing Kim Jong-Un and the North Korean government to it. 

But if we wanna talk about Nazi‚Äôs, we can... https://t.co/rqiPuB9Sc7",353135366,ND
Mon Oct 12 13:34:21 +0000 2020,https://twitter.com/bronxse7/status/1315646994665406470,@swank_shane That is some serious North Korean Government propaganda lol. Next they will being saying he never takes a dump.,1157858060209197056,United States
Sun Oct 04 12:35:28 +0000 2020,https://twitter.com/ConstantRebel55/status/1312733072446689285,"@IvankaTrump You know, if your dad loses tbe election in Nov, you could probably find work writing propaganda for the North Korean government.",2324656417,NH US
Wed Oct 28 07:07:30 +0000 2020,https://twitter.com/Eriktorbe/status/1321347845560164352,"¬´After all, in return for nothing, he gave the North Korean government the gift of presidential visits and suspended military exercises with South Korea. One could expect something spectacular, such as handing over Taiwan to China...¬ª",813385664,U.S.A
Sat Oct 17 20:09:08 +0000 2020,https://twitter.com/rr_edmonds/status/1317558282236563456,"The web security firm Radware published extortion notes that had been sent to a variety of companies around the world. In each of them the senders purport to be from the North Korean government hackers Lazarus Group, or APT38, and Russian state-backed hackers Fancy Bear, or APT28",18725633,"Albuquerque, New Mexico"
Wed Oct 28 11:44:21 +0000 2020,https://twitter.com/KajaCiglic/status/1321417516523180032,"DOD, FBI, DHS warn of active North Korean government-linked hacking operation https://t.co/nLNsljUhv6",2790734404,HI
Tue Oct 27 08:24:09 +0000 2020,https://twitter.com/tilbots/status/1321004745503461376,"The only person followed by the official Twitter account of the North Korean government is Jimmy Dushku, an investor from Austin, and he has no idea why
https://t.co/yuPgUM7eT1",876888048340021251,Kansas
Tue Oct 13 18:21:05 +0000 2020,https://twitter.com/jooniper94/status/1316081542066827266,"And furthermore, any person who sides with North Korea or the North Korean government can also get f*cked. The rest of the world is against their ideals, which kinda maybe sorta should be a hint that you are wrong. COUNTLESS CHINESE CITIZENS DISAGREE WITH THOSE IDEALS TOO.",918571558066622466,"Jacksonville, Florida"
Sun Oct 25 00:24:36 +0000 2020,https://twitter.com/MelindaLMorris/status/1320159287017168897,"Experts investigating the Louisiana incidents found a tool used by the hackers that was previously linked to a group associated with the North Korean government, according to a person familiar with the investigation.",362241011,SD
Sat Oct 24 18:19:03 +0000 2020,https://twitter.com/emccoy_writer/status/1320067295750901760,"Exclusive: National Guard called in to thwart cyberattack in Louisiana weeks before election | Article [AMP] | Reuters

""found a tool used by the hackers that was previously linked to a group associated with the North Korean government"" https://t.co/OioXoAd3CE",535833722,United States
Fri Oct 23 21:02:02 +0000 2020,https://twitter.com/laraseligman/status/1319745922201505793,"""Experts investigating the Louisiana incidents found a tool used by the hackers that was previously linked to a group associated with the North Korean government"" --&gt;",49510236,"Austin, Texas"
Thu Oct 22 14:03:30 +0000 2020,https://twitter.com/JUMProgram/status/1319278209557360647,"An unidentified ship that was spotted in Japan‚Äôs EEZ last month was later found to be a North Korean government vessel. The incident prompted Tokyo to lodge a protest with Pyongyang. (via @japantimes)
https://t.co/oAp8IL3YT2 https://t.co/d3WnEIDTh4",3221939375, 
Wed Oct 07 01:06:39 +0000 2020,https://twitter.com/TrueMelarki/status/1313646889296822272,@valgbtq I wonder if the North Korean government knows it has a small army of trans teenagers defending them online,1040424072608280577,"District of Columbia, DC"
Tue Oct 27 17:02:52 +0000 2020,https://twitter.com/shanvav/status/1321135287397998592,"The FBI, DOD, and DHS are warning the private sector of an ongoing global hacking operation run by North Korean government-linked hackers, known as Kimsuky, that US gov says are ""most likely tasked by the North Korean regime."" Details on @CyberScoopNews https://t.co/qy5BCLoPrl",1031612276,"Indiana, IN"
Thu Oct 08 04:07:23 +0000 2020,https://twitter.com/callitmeepmorp/status/1314054759607795712,"@gagasbyul i hear the north korean government forces people to sing and dance while controlling their lives and barely feeding or paying them

wouldn‚Äôt that be awful",788925710379298816,"Seattle, Washington"
Sun Oct 04 01:55:35 +0000 2020,https://twitter.com/Catman_Rilea/status/1312572039505481728,"@EllenBarkin From what I know of North Korean affairs and procedures, the North Korean government would keep the whole affair extremely quiet and only vaguely worded at most, until after the leader's death.",16420692,WV US
Wed Oct 28 13:31:59 +0000 2020,https://twitter.com/CyberScoopNews/status/1321444605745913859,"DOD, FBI, DHS warn of active North Korean government-linked hacking operation  https://t.co/Znl4X192lO by @shanvav",720664083767435264,U.S.A
Sat Oct 24 22:38:03 +0000 2020,https://twitter.com/Plaid_NKorea/status/1320132473385353216,"North Korean government has been warning its citizens to stay indoors since there is yellow dust coming from China and believed to be carrying coronavirus. Korean Central Television (KCTV) broadcasted to warn the North Koreans to stay away from yellow dust
https://t.co/Qb2zuyXFX6",2783419778,"Las Vegas, Nevada"
Fri Oct 23 06:37:38 +0000 2020,https://twitter.com/atk825/status/1319528390680924162,@juanhenriquez47 @KyleKulinski The North Korean government starved between 600k and 4 million of its own people. And in recent memory.  It‚Äôs perfectly fine to compare them to Nazis.,384584151,PA
Fri Oct 30 14:45:02 +0000 2020,https://twitter.com/PatrickCMiller/status/1322187764989911041,"DOD, FBI, DHS warn of active North Korean government-linked hacking operation https://t.co/5f471hN3fG",23508768,"Wyoming, WY"
Tue Oct 27 17:00:42 +0000 2020,https://twitter.com/StopMalvertisin/status/1321134740758499332,"CyberScoop | DOD, FBI, DHS warn of active North Korean government-linked hacking operation https://t.co/gjLyhrovnf",129711053,"South Carolina, SC"
Thu Oct 29 08:57:05 +0000 2020,https://twitter.com/EduardKovacs/status/1321737809342963714,"An alert issued by the United States this week provides information on Kimsuky, a threat actor focused on gathering intelligence on behalf of the North Korean government https://t.co/xZpqFDwqMx",366455913,"Ohio, OH"
Fri Oct 30 06:04:08 +0000 2020,https://twitter.com/Richardson_CW/status/1322056674962599938,"""Australian Federal Police will allege in court that while living in Australia [Mr Choi] worked in secret for the highest echelon of the North Korean government after pledging his loyalty..."" https://t.co/lAj7P5B65p",1078018094,"Denver, Colorado"
Thu Oct 01 13:45:17 +0000 2020,https://twitter.com/j3nnyt0wn/status/1311663478629834759,The #DPRK soldiers‚Äô reported unease w/shoot-to-kill orders is fascinating though. And certainly there are wide inconsistencies in this alleged eavesdropped and the official North Korean government versions of the story.,2938827689,WI
Tue Oct 06 13:04:24 +0000 2020,https://twitter.com/jcorrado1953/status/1313465129154023425,"The North Korean government's reliance on speed battles and mass mobilizations (where people from all walks of life are forced to work on state farms, factories, and construction) is further evidence that the state is more liability than asset for its peoples' economic wellbeing.",2894894868,"North Carolina, NC"
Fri Oct 23 06:33:00 +0000 2020,https://twitter.com/IPDefenseForum/status/1319527223078969344,"An unidentified ship spotted in #Japan‚Äôs EEZ last month was later found to belong to the North Korean government. The incident prompted Tokyo to lodge a protest with Pyongyang. #NorthKorea #FreeandOpenIndoPacific 
https://t.co/f49Tpbk4yX",3837500787,United States
Thu Oct 29 03:35:01 +0000 2020,https://twitter.com/ASPI_CTS/status/1321656758394327041,"#CyberDigest | DOD, FBI, DHS warn of active North Korean government-linked hacking operation | https://t.co/c14toGpbF7",1564935007,us
Thu Oct 01 11:50:45 +0000 2020,https://twitter.com/benjaminkatzeff/status/1311634653531516928,"@ThCl_China That putting defectors and NK propaganda in the same category the way you did implies that both lie to the same extent. Which is an incredibly lazy and tired narrative sometimes put forward by North Korean government apologists, a group I don't think you belong to.",166942991,us
Wed Oct 28 17:00:00 +0000 2020,https://twitter.com/threatintel/status/1321496954254360577,"CISA, FBI, CNMF warn of active North Korean government-linked hacking operation https://t.co/uGAErrYDMK",61870871,United States
Thu Oct 22 03:43:47 +0000 2020,https://twitter.com/The_Japan_News/status/1319122249517985792,"A North Korean government ship was spotted in Japan‚Äôs EEZ last month.

https://t.co/UPeG8ZlFOw",147463326,CT US
Tue Oct 20 19:01:03 +0000 2020,https://twitter.com/CSISKoreaChair/status/1318628312521052160,"Later this month, @UN General Assembly will give special attention to North Korean government abuse of detained women. For a decade and a half, in the last week in October @UN General Assembly has held a session devoted to North Korean human rights issues.",125767959, 
Sat Oct 31 16:28:57 +0000 2020,https://twitter.com/radicalalert/status/1322576302034030597,"President @realDonaldTrump sent in Navy SEAL Team 6 to rescue 27-year-old Philip Walton days after he was kidnapped in Niger.

Imagine if @BarackObama prioritized rescuing 21-year-old Otto Warmbier from North Korea. He would be alive.

Thank you, @realDonaldTrump! We love you.",1095039617840107520,"Indiana, IN"
Sat Oct 31 16:09:01 +0000 2020,https://twitter.com/kawtharrrr_/status/1322571284576948230,"There‚Äôs this North Korean lady on YouTube who moved to the United States. She makes videos about North Korea and what it‚Äôs like living there. 

North Koreans are SUFFERING. Especially their women. Omo.",917176802,"San Diego, California"
Sat Oct 31 21:35:41 +0000 2020,https://twitter.com/svmone___/status/1322653495418265600,US talks big shit about North Korea brainwashing and censoring as if- nvm,937813084051312641,United States
Sat Oct 31 14:42:23 +0000 2020,https://twitter.com/RinchenKunchok/status/1322549484249772032,"The worst, north Korea #Tibet https://t.co/8EvD4Op2NZ",1133662608743997440,"Illinois, IL"
Sat Oct 31 13:33:26 +0000 2020,https://twitter.com/EndTimeHeadline/status/1322532132607139840,"Christians executed in North Korea for owning Bible, Newborn babies murdered https://t.co/7yj9KG3m6r",299776368,us
Sat Oct 31 12:55:36 +0000 2020,https://twitter.com/luscentos/status/1322522610102489088,back from north korea,957346901577232384,us
Sat Oct 31 15:38:18 +0000 2020,https://twitter.com/SJsBadger/status/1322563554919272449,"If you want a dictator then go to Cuba, go to North Korea, go to Russia. If want to force a dictator on the rest of us then you CAN GO TO HELL!!!",170388630,Colorado
Sat Oct 31 13:58:28 +0000 2020,https://twitter.com/louisajan1/status/1322538430308487174,"Christians executed in North Korea for owning Bible, Newborn babies murdered https://t.co/Fqw4hyf7R3",3068307129,"Kansas, KS"
Sat Oct 31 18:08:05 +0000 2020,https://twitter.com/Himitsuministry/status/1322601251570438145,"""A new report by a human rights watchdog details horrific violations of religious freedom within North Korea, including citizens brutally tortured for converting to Christianity and individuals publicly executed for owning a Bible.""

https://t.co/tox1bBfmgX",973384410799263744,Washington
Sat Oct 31 14:56:29 +0000 2020,https://twitter.com/PaulGottinger/status/1322553034199699459,"Trump admin‚Äôs 4 years of economic war against Iran, Venezuela, Syria &amp; North Korea has been ruthless. 

Trump has imposed an average of 80% more sanctions annually than Obama. 

This year alone, Trump sanctioned 900 entities and individuals. https://t.co/bYpgzFoGZY",1634314416,LA
Sat Oct 31 17:13:21 +0000 2020,https://twitter.com/TheLastDays777/status/1322587474992967682,"(John 15:20-21)
North Korea: Christians executed for owning Bible, newborn babies murdered. https://t.co/R6AFqEZ0mu #EndTimes #WorldNews #news https://t.co/BHpRIclmEQ",2286124076,U.S.A
Sat Oct 31 21:38:27 +0000 2020,https://twitter.com/writingback/status/1322654191517511680,‚ÄúNorth Korea indoctrinates its people into Communism‚Äù ü§°,1139069716985655298,U.S.A
Sat Oct 31 19:00:07 +0000 2020,https://twitter.com/BirkMatt/status/1322614346917302274,"This story says 'hundreds' of Trump supporters were outside the venue.  I was a this event and have some experience with crowds.  There were AT LEAST 10,000 people, probably more.  Do we live in North Korea?

https://t.co/YRnnLEf7ys",1560907016,United States
Sat Oct 31 23:16:37 +0000 2020,https://twitter.com/PeteBilzerian/status/1322678894504382465,"Never back down, stand strong against racism &amp; genocide!

Azerbaijan is the North Korea of the Caucasus. 
I want #PeaceForArmenians and to #RecognizeArstakh!

@ Richmond, Virginia https://t.co/EmYKspnED4",1571768270,"Kentucky, KY"
Sat Oct 31 19:55:47 +0000 2020,https://twitter.com/ZachHarrison10/status/1322628352809775105,Harbaugh is gonna take Michigan to North Korea before he takes them to Indy,636633149,"Washington, WA"
Sat Oct 31 18:50:00 +0000 2020,https://twitter.com/DisrnNews/status/1322611798025990145,New report details religious persecution in North Korea https://t.co/Mm6DzWYSQd,1119671338594177024,WI
Sat Oct 31 06:18:31 +0000 2020,https://twitter.com/EndGameWW3/status/1322422681665474563,Lack of respect. Move to China or North Korea if you hate America so bad.,32792712,"New York, NY"
Sat Oct 31 22:23:29 +0000 2020,https://twitter.com/hiimshawny/status/1322665522757050370,they can‚Äôt buy condoms in north korea omg,1164239532449042432,"Chicago metro area, Illinois"
Sat Oct 31 21:13:13 +0000 2020,https://twitter.com/zootopiatiger99/status/1322647841806770176,GUYS NORTH KOREA WAS ESTABLISHED ON MY BIRTHDAY IM NOT JOKING!!!!,1065805647755636736,Nebraska
Sat Oct 31 12:27:31 +0000 2020,https://twitter.com/ChristianPost/status/1322515543430176771,"North Korea: Christians executed for owning Bible, newborn babies murdered

One man, who had converted to Christianity, was allegedly forced into a metal cage that was just 3 feet high and 4 feet wide.

https://t.co/fnnBX3ghhc",17214683,"Philadelphia, Pennsylvania"
Sat Oct 31 11:37:51 +0000 2020,https://twitter.com/Ruola16/status/1322503045020852227,"Some American elites desire  socialism and communism.

They are better to live in china or north korea. So understand what is socialism under control from government all the time.",1171655192133156867,"Dallas, Texas"
Sat Oct 31 14:30:40 +0000 2020,https://twitter.com/Sino_NK/status/1322546536287522816,"Fascinating South Korean fictionalized film portrayal of North Korea 1949-50, 'ÎëêÍ≥†Ïò® ÏÇ∞Ìïò/Leaving the Fatherland', with period subtitles in English. Narratives of a deep anti-communist underground struggle, a yearning to return to Hamhung in 1962. https://t.co/RpxLGT6FcC‚Ä¶ https://t.co/GtR5QW8z8z",316074898,"El Paso, Texas"
Sat Oct 31 19:36:59 +0000 2020,https://twitter.com/OilerBuck/status/1322623624663207939,@MickDWalker I would root for North Korea against Michigan.,25281703,"Las Vegas, Nevada"
Sat Oct 31 18:15:15 +0000 2020,https://twitter.com/lfcvinz/status/1322603052449357824,Was expecting such a stupid opinion from you because your brain must be employed from the slums of North Korea,1268546648612970507,Minnesota
Sat Oct 31 16:19:29 +0000 2020,https://twitter.com/CoachPr_NJ/status/1322573918364966915,Bro these T***p campaign ads are scary lol. This feels like North Korea,1300193940465950722,IN US
Sat Oct 31 22:54:49 +0000 2020,https://twitter.com/TheBigDataStats/status/1322673410044911616,"Not sure it fits here, but #Finland and ##North Korea are separated by a single state https://t.co/ucilHplaCo https://t.co/l1EacFTSq7",81117125,"Maryland, MD"
Sat Oct 31 20:29:54 +0000 2020,https://twitter.com/Tweekbot_en/status/1322636940672339968,"[playing the piano] We're all gonna die! They have nuclear missiles! Wuh! Waaaa! Why are you just sitting there, doing nothing?! We have to get out of here! North Korea wants to kill us all and our President keeps making it worse! Why are you just sitting there?!",972655087784026112,Missouri
Sat Oct 31 17:40:28 +0000 2020,https://twitter.com/Joostjlaan/status/1322594299842887681,"@DC_Draino @__i960 Combination of IS and North Korea. Don't you just love it?

https://t.co/fMRh0NxxWO https://t.co/L1pbYav1ae",963036438,South Carolina
Sat Oct 31 13:52:48 +0000 2020,https://twitter.com/Erwin3e/status/1322537007445385216,"Free speech has limits, in countries like North Korea, China, Cuba, Laos, Vietnam and Nepal. 

Trudeau is an idiot!

https://t.co/ycDehh5yqj",1264997980769304577,"Tucson, Arizona"
Sat Oct 31 18:23:55 +0000 2020,https://twitter.com/jackbaracrap/status/1322605235416813568,everyone was so worried a few years ago that north korea would bomb us but realistically i think that‚Äôs a great idea and america should be destroyed,34296092,"Colorado, CO"
Sat Oct 31 08:17:16 +0000 2020,https://twitter.com/makergirl/status/1322452568598077440,"The world is fighting for democracy. It's not a joke. 

If you prefer our way of life in the USA over what you've seen in North Korea and other dictatorships, you must VOTE!",19871910,"Milwaukee, Wisconsin"
Sat Oct 31 19:15:21 +0000 2020,https://twitter.com/HCFLDems/status/1322618178288209926,"President Trump has been cuddling up to Russia's Putin and North Korea's Kim Jong Un since day 1.  And as for China -- it turns out he has a bank account and pays his taxes there!

We can't change history.
But we can turn the page. 
Vote Democrat. https://t.co/tDTnSDDKdj",1199138252193779713,Washington
Sat Oct 31 19:36:28 +0000 2020,https://twitter.com/mimismall/status/1322623493691813891,@Jeremy_Hunt Why should healthy people keep being tested? This isn‚Äôt North Korea Jeremy.,15584113,"Miami, Florida"
Sat Oct 31 12:31:58 +0000 2020,https://twitter.com/DOLFANKEV/status/1322516664005677056,"@RWPUSA I can't believe this is happening in the United States.  This is something that would be happening in Russia, North Korea or Nazi Germany.  Just despicable.",217308115,"New Hampshire, NH"
Sat Oct 31 21:33:15 +0000 2020,https://twitter.com/dakaner/status/1322652881506476034,gotta throw in more North Korea vibes to make us all feel cool,22047856,"Indiana, IN"
Sat Oct 31 13:58:38 +0000 2020,https://twitter.com/EscapingAtheism/status/1322538473312669698,"@Ddelvecchio88 Stalin, Mao, North Korea ring your bell.",785887715988430848,"Illinois, IL"
Sat Oct 31 06:49:25 +0000 2020,https://twitter.com/EkwedikeAjian/status/1322430457896751105,"@AkwariCharles 8 years of destroying Libya &amp; imposing a lifeless man on Nigeria.
8 years of forcing gay African states to legalise gay &amp; funding ISIS
8 years of killing US economy &amp; supporting China trade dominance.
8 years of allowing Iran &amp; North Korea's nuclear threat.

Well done, Sir.",1265998312676737029,"Pennsylvania, PA"
Sat Oct 31 19:26:12 +0000 2020,https://twitter.com/pswidlicki/status/1322620907366526976,"I'm pretty miserable about lockdown 2 and naturally concerned about the economic ramifications. But seeing plenty of mainstream commentators absolutely losing their shit in a public forum about 'North Korea' is pretty unedifying, if a touch darkly amusing",1328867023,NC US
Sat Oct 31 15:17:17 +0000 2020,https://twitter.com/Antiwarcom/status/1322558269240475649,"Biden Says He Would Not Threaten to Remove Troops From South Korea
Biden, Trump traded barbs over North Korea at the last debate
#SouthKorea #JoeBiden #NorthKorea
https://t.co/gBvX4e5njU https://t.co/HqvvtwPyhO",15503210,Pennsylvania
Sat Oct 31 17:23:16 +0000 2020,https://twitter.com/LightningBike/status/1322589972562694145,"@AllyALaw Yea. At this point, North Korea‚Äôs looking pretty good this time of year.",1077531776061452288,Minnesota
Sat Oct 31 11:31:24 +0000 2020,https://twitter.com/swadesh171/status/1322501423704104960,"Not a single raid...
not a single attack...
North Korea...
Abraham Accord...
and much more...
Still the worst...
Because...
Liberals don't like 
the way he talks!!!",67845590,U.S.A
Sat Oct 31 21:43:57 +0000 2020,https://twitter.com/BigPatsy01/status/1322655576002826240,@Easty1972 @bbcscotlandtv Can you tell me why he has to. ?. Is it mandatory?. Are we living in North Korea ?,825787969,us
Sat Oct 31 16:13:46 +0000 2020,https://twitter.com/skjones505/status/1322572480725372928,@fmwales @susannareid100 @10DowningStreet What like North Korea üò≥,303990657,Missouri
Sat Oct 31 05:23:00 +0000 2020,https://twitter.com/9DashLine/status/1322408712217202690,"#Biden vows to strengthen alliance with South Korea, push for North Korea denuclearization through 'principled diplomacy' https://t.co/xOCTQFLwKS

#USElection
#Election2020",2847258009,AK
Sat Oct 31 16:42:15 +0000 2020,https://twitter.com/TheBev_Seattle/status/1322579650044780544,@SpockResists North Korea would be a good place for him and his family.,124502695,"North Dakota, ND"
Sat Oct 31 18:06:14 +0000 2020,https://twitter.com/Aucoin3992/status/1322600785503506432,@GadSaad @JustinTrudeau Oh cool. Now we are going to control speech like North Korea. What's next from Kim Yun Justin?,70706814,"Washington, District of Columbia"
Sat Oct 31 16:40:35 +0000 2020,https://twitter.com/NKMESSENGER/status/1322579228299300865,"#Pyonghattanite: North Korea‚Äôs young elite defectors (brother and Sister) who studied at Kim Il Sung University and Pyongyang University of Foreign Studies started YouTube in English.
https://t.co/5dgBTXUWHO",258194985,U.S.A
Sat Oct 31 19:38:13 +0000 2020,https://twitter.com/Lisebeti/status/1322623931904368640,"@thehill @FLOTUS ""Even as it pursued denuclearization talks with the Trump administration, [North Korea] kept advancing its arsenal."" https://t.co/OjIFjKXaxr",1613646552,MI US
Sat Oct 31 21:42:24 +0000 2020,https://twitter.com/mishanti2/status/1322655186725359621,"@realDonaldTrump Sounds like indoctrination...like they do in North Korea, Iran, Saudi Arabia...your favorite dictatorships",15983289,"Delaware, DE"
Sat Oct 31 15:20:07 +0000 2020,https://twitter.com/DaudiRweza/status/1322558979323633665,@ThabitSenior ...now only awaiting for North Korea to put icing on the cake. Very much predictable,1161721975594729477,U.S.A
Sat Oct 31 18:23:13 +0000 2020,https://twitter.com/darrencasper/status/1322605060535234567,"The worst...
Led by Kim Jong Un, North Korea has, for the last 18 years, ranked as the worst persecutor of Christians in the world.  

https://t.co/EOl6sglJWM",101799699,NE US
Sat Oct 31 11:09:58 +0000 2020,https://twitter.com/LiverpoolWande1/status/1322496029250457601,"Scousers in France say the food is better there.

Scousers in Spain say the weather is better there.

Scousers in North Korea say the government is less corrupt there.",1041404891502178304,West Virginia
Sat Oct 31 13:10:55 +0000 2020,https://twitter.com/TimothyS/status/1322526466253443073,Could this have been the case with the North Korea hack of Sony? Easily.,15818978,"Austin, Texas"
Sat Oct 31 12:09:38 +0000 2020,https://twitter.com/price_check_wha/status/1322511043894149122,"@kerry_harkins @Franklin_Graham @POTUS @JoeBiden @Mike_Pence @KamalaHarris Hahahaha, not sure if you notice but your country ain‚Äôt so great right now.  Sincerely the rest of the world except North Korea, Iran and Russia.",262365337,"Mississippi, MS"
Sat Oct 31 17:21:05 +0000 2020,https://twitter.com/MaureenRogers49/status/1322589424572649475,@BeschlossDC Did he just hear back that no one but North Korea's going to take him in?,766576148,New York
Sat Oct 31 16:20:26 +0000 2020,https://twitter.com/HopeFrequency/status/1322574158736334854,"@FastAshFurious @Peston I have family in Australia, the fact they can't travel is terrible. I don't care what anyone says, but there's a few countries that don't allow international travel, one being North Korea. Effectively its an open air prison, no gov should be able to dictate freedom to travel",3317981285,"Omaha, Nebraska"
Sat Oct 31 20:05:37 +0000 2020,https://twitter.com/FERRARIMEN1/status/1322630829667921920,@KirmirCS aww lil trader man aint too happy just like lil north korea rocket man aint too happy,1277311452072808449,us
Sat Oct 31 20:30:37 +0000 2020,https://twitter.com/3fp/status/1322637120809234432,"@harpersophiaxo @robbysoave North Korea effectively makes them an island, at least for the purpose of this topic.",300631622,"Oklahoma, OK"
Sat Oct 31 21:40:22 +0000 2020,https://twitter.com/tisme101/status/1322654671257915401,@CllrTKerr The SNP are turning Scotland into the North Korea of Europe,478060181,us
Sat Oct 31 23:49:58 +0000 2020,https://twitter.com/de_athtrap/status/1322687290129330176,@xoxo_nikola @ladygaga uhh remember when north korea was on the verge of starting a war with us üëÄ,1209259063097192448,SC US
Sat Oct 31 21:27:47 +0000 2020,https://twitter.com/Heart4WI/status/1322651508199034881,"@realDonaldTrump BULL. Both Iran and North Korea are expanding their programs to develop nuclear weapons, and you are arming the UAE to the teeth. What happens - and it's nearly inevitable - will be on YOU.",104615252,New Hampshire
Sat Oct 31 18:30:23 +0000 2020,https://twitter.com/YaleE360/status/1322606864065060866,"From the waters of North Korea to Mexico, incursions by Chinese fishing ships are becoming more frequent and aggressive. https://t.co/kKsb4NeZOl",19918353,WY US
Sat Oct 31 17:42:41 +0000 2020,https://twitter.com/TomTuohy/status/1322594857966358528,@radicalalert @realDonaldTrump @BarackObama Because storming North Korea is just like a hut in Niger.  Or killing Bin Laden. Oh wait,17022515,MA
Sat Oct 31 16:16:11 +0000 2020,https://twitter.com/Boskimo2/status/1322573087943131136,@DemocracyInn It's like trump supporters don't like free and fair elections.  They should move to North Korea where they would thrive.,867706148945883136,us
Sat Oct 31 16:41:39 +0000 2020,https://twitter.com/jasonbaum/status/1322579497850445827,@SpockResists North Korea. They can have him. After he gets out of the Hague which should be the fourth of never.,17018594,UT
